name,price
"Original Kettle Chips, 8 oz",$1.99
"Blueberry Breakfast Biscuits, 5 pack",$3.85
"Organic Unrefined Coconut Oil, 14 fl oz",$5.29
"Plain Whole Milk Greek Yogurt, 32 oz",$4.15
"Parsley Flakes, 0.25 oz",$1.09
"Garlic Powder, 3.12 oz",$1.09
"Nonfat Plain Greek Yogurt, 32 oz",$3.55
"Organic Whole Wheat Spaghetti, 16 oz",$1.99
"Cinnamon Raisin Bagels, 6 count",$2.19
"Brown Gravy Mix, 0.87 oz",$0.55
"Reduced Sodium Taco Seasoning Mix, 1 oz",$0.55
"Crispy Rice Cereal, 12 oz",$2.15
"Roasted Garlic Balsamic Vinaigrette Dressing, 12 fl oz",$2.99
"French Dark Roast Coffee Pods, 12 count",$5.05
"Ranch Salad Dressing and Seasoning Mix, 1 oz",$0.65
"Chocolate Chip Cookies, 13 oz",$2.55
"Roasted Red Pepper Topped Hummus, 10 oz",$2.85
"Beer Bratwurst, 19 oz",$4.65
"Raspberry Strip Danish, 14 oz",$3.75
"Italian Salad Dressing and Seasoning Mix, 0.7 oz",$0.65
"Spaghetti, 32 oz",$2.09
"Medium Cooked in Shell Shrimp, 12 oz",$7.15
"Ultimate Cheeseburger Cheesy Skillet Dinner Kit, 12.8 oz",$2.85
"Large Cooked Shrimp, 12 oz",$8.25
"Value Pack Cod Fillets, 32 oz",$16.79
"Flounder Fillets, 16 oz",$6.59
"Spicy Hummus, 10 oz",$2.85
"Olive Tapenade Hummus, 10 oz",$2.85
"Spinach Parmesan Tzatziki Dip, 10 oz",$3.29
"Cucumber Dill Tzatziki Dip, 10 oz",$3.29
"Milk Chocolate Butter Cookies, 4.41 oz",$2.19
"Sharp Cheddar Cheese Spread, 6.5 oz",$3.85
"Garlic & Herb Gourmet Spreadable Cheese, 6.5 oz",$3.85
"Peppercorn Parmesan Cheese Spread, 6.5 oz",$3.85
"Pre Sliced Hot Dog Buns, 8 count",$1.55
"Steamable Frozen Asparagus Spears, 8 oz",$3.19
"Green Apple Dish Detergent, 24 fl oz",$2.35
"Blue Dish Detergent, 24 fl oz",$2.35
"Mint Chocolate Chip Ice Cream, 48 fl oz",$3.25
"Classic Hummus Single Serve Mini Cups, 6 pack",$4.39
"Uncured Beef Franks, 15 oz",$4.29
"Honey Graham Squares, 12 oz",$2.49
"Organic Apple Cider Vinegar, 33.8 fl oz",$5.29
"Condensed Cream of Chicken Soup, 10.5 oz",$0.79
"Fat Free Beef Broth, 32 oz",$1.55
"Fat Free Beef Cooking Stock, 32 oz",$1.89
"Organic Low Sodium Chicken Broth, 32 oz",$2.05
"Almond, Dark Chocolate & Cashews Trail Mix, 15 oz",$5.39
"Sweet & Salty Trail Mix, 8 count",$3.29
"Chicken Breast Nuggets, 29 oz",$5.89
"Frozen Steam Cut Green Beans, 12 oz",$1.09
"Steamable Frozen Mixed Vegetable, 12 oz",$1.09
"Steamable Frozen Sweet Garden Peas, 12 oz",$1.09
"Jumbo EZ Peel Raw Shrimp, 12 oz",$7.49
"Jumbo Cooked Shrimp, 12 oz",$8.79
"Organic Garlic Powder, 2.5 oz",$2.09
"Classic Single Guacamole - 6 Mini Cups, 12 oz",$4.39
"Red Pepper Hummus Single Serve Mini Cups, 6 count",$4.39
"Fair Trade Organic Guatemalan Light Roast Coffee Pods, 12 count",$5.45
"Original Sloppy Joe Sauce, 15 oz",$1.05
"Bananas, per lb",$0.17
"Strawberries, 1 lb",$2.85
"Organic Grass Fed 85% Lean Ground Beef, 1 lb",$6.59
"Multi-Colored Peppers, 3 count",$2.65
"Honeycrisp Apples, 2 lb",$2.29
"Blueberries, 1 pint",$3.95
"White Bread, 20 oz",$1.55
"Heavy Whipping Cream, 32 fl oz",$5.49
"Sour Cream, 16 oz",$1.99
"Flat Leaf Spinach, 8 oz",$1.99
"2% Milk, 1 gal",$2.89
"Organic Bananas, per lb",$0.77
"Casera Amarillas Tostadas, 12.8 oz",$2.19
"Flour Tortillas, 17.5 oz",$2.15
"USDA Organic Black Beans, 15 oz Can",$1.05
"Fajita Flour Tortillas, 20 count",$2.05
"Vitality Cereal Vanilla Almond, 12.4 oz",$2.99
"Milk Mini Chocolate Bars, 5 count",$3.29
"Chocolate Chunk Cookies, 14 oz",$4.29
"Organic Blue Corn Tortilla Chips, 8.25 oz",$2.55
"German Style Sauerkraut, 24 oz",$1.49
"Regular Aluminum Foil, 75 feet",$4.85
"Mini Bear Chocolate Grahams Snack Packs, 12 oz",$4.75
"Cranberry Almond Chicken Salad Mini Cups, 4 pack",$5.49
"Cranberry Almond Chicken Salad, 16 oz",$6.05
"Mild Fresh Cut Salsa, 16 oz",$2.75
"Medium Fresh Cut Salsa, 16 oz",$2.75
"Jubilee Assortment Olives, 7 oz",$3.09
"Gluten Free Gen Tso's Chicken, 22 oz",$7.15
"Double Chocolate Protein Meal Bars, 6 count",$5.49
"Low Sodium Sprouted 7 Grain Bread, 16 oz",$3.95
"Nonfat Vanilla Yogurt, 32 oz",$2.85
"Tall Drawstring Kitchen Bags, 45 count",$6.39
"Fat Free Vegetable Cooking Stock, 32 oz",$1.89
"Premium Marinara, 24 oz",$4.29
"Teriyaki Stir Fry Sauce, 14.5 oz",$1.89
"New Orleans Style Jambalaya Rice Mix, 8 oz",$1.75
"Pineapple Chunks in 100% Pineapple Juice, 20 oz Can",$1.75
"Organics Apple Sweet Potato Baby Food Puree, 4 oz",$0.99
"Apple Broccoli Pear Baby Food Puree, 4 oz",$0.99
"Pineapple Slices, 20 oz Can",$1.75
"Dry Black Beans, 32 oz",$2.99
"Organic Multigrain Tortilla Chips, 8.25 oz",$2.55
"Butter Flavored Pancake Syrup, 24 oz",$2.59
"Oregano Leaves, 0.75 oz",$1.09
"Organic Ground Cumin, 1.5 oz",$2.09
"Apple Cider Donuts, 10 oz",$3.29
"Organic Oats and Flax Instant Oatmeal Packets, 8 count",$2.75
"Pure Olive Oil, 16.9 fl oz",$6.25
"Honey Ham, 16 oz",$5.85
"Family Size Roast Beef, 14 oz",$5.85
"Family Size Rotisserie Chicken Breast, 1 lb",$5.85
"Family Size Lower Sodium Smoked Honey Ham in Lunch Meat Tub, 15 oz",$5.85
"Korma Curry Sauce, 15 oz",$4.09
"Cinnamon Applesauce Cups, 6 count",$2.19
"Quick Oats, 42 oz",$4.39
"Roasted Garlic Alfredo Sauce, 15 oz",$1.99
"California Raisins, 20 oz",$4.79
"Herb Chicken Tortelloni, 20 oz",$6.45
"Cauliflower Crust 3 Cheese Pizza, 11.64 oz",$6.29
"Pretzel Mini Twists, 1 lb",$2.19
"Mesquite Barbecue Kettle Chips, 8 oz",$1.99
"Sardines in Mustard Sauce, 3.75 oz",$1.09
"Jalapeño Kettle Chips, 8 oz",$1.99
"Tilapia Fillets, 16 oz",$6.59
"Value Pack Tilapia Fillets, 32 oz",$9.75
"Beer Battered Cod Fillets, 13.1 oz",$5.19
"Italian Seasoning, 0.75 oz",$1.09
"Ground Cinnamon, 2.37 oz",$1.09
"Champagne Cheddar Cheese, 5.3 oz",$5.29
"Sea Salt and Vinegar Kettle Chips, 8 oz",$1.99
"Four Cheese Homestyle Instant Mashed Potatoes, 4 oz",$1.09
"Bananas, per lb",$0.17
"Strawberries, 1 lb",$2.85
"Organic Grass Fed 85% Lean Ground Beef, 1 lb",$6.59
"Multi-Colored Peppers, 3 count",$2.65
"Honeycrisp Apples, 2 lb",$2.29
"Blueberries, 1 pint",$3.95
"White Bread, 20 oz",$1.55
"Heavy Whipping Cream, 32 fl oz",$5.49
"Sour Cream, 16 oz",$1.99
"Flat Leaf Spinach, 8 oz",$1.99
"2% Milk, 1 gal",$2.89
"Organic Bananas, per lb",$0.77
"Dry Roasted Unsalted Peanuts, 16 oz",$2.35
"Strawberry Protein Meal Bar, 6 count",$5.49
"Nonfat Plain Yogurt, 32 oz",$2.85
"Italian Bread Loaf, 16 oz",$4.39
"Organic Salted Butter, 16 oz",$6.85
"Flex Odor Control Kitchen Bag Lavender Scent, 40 count",$6.05
"Four-Flap Heavy Duty Large Trash Bags, 40 ct",$6.85
"Truffle Cheddar Cheese, 5.3 oz",$5.29
"Orange Juice with Pulp, 52 fl oz",$4.39
"Orange Juice Not From Concentrate, 52 fl oz",$4.39
"Dried Mixed Berries, 5 oz",$2.99
"Chicken Fries, 24 oz",$5.05
"Premium High Efficiency Liquid Laundry Detergent, 100 fl oz",$8.35
"Mountain Trail Mix, 26 oz",$6.85
"Classic Chicken Salad, 16 oz",$6.05
"Classic Hummus, 10 oz",$2.85
"Garlic Topped Hummus, 10 oz",$2.85
"Buffalo Crispy Chicken Strips, 25 oz",$7.15
"Classic Roast Medium Ground Coffee, 30.5 oz",$13.19
"Premium Free and Clear High Efficiency Liquid Laundry Detergent, 100 fl oz",$8.35
"Jumbo Breaded Butterfly Shrimp, 9 oz",$3.85
"Tropical Trail Mix, 26 oz",$6.85
"Wavy Potato Chips, 10 oz",$1.99
"Barbecue Potato Chips, 9.5 oz",$1.99
"Quart Freezer Twin Lock Bags, 40 count",$2.35
"Restaurant Style Tortilla Chips, 13 oz",$2.09
"Original Baked Potato Crisps, 6.25 oz",$3.19
"Asiago Cheese Wedge, 8 oz",$3.85
"Organic Pumpkin Seed & Flax Granola Cereal, 11.5 oz",$2.65
"Premium Pork Sausage Roll, 16 oz",$3.19
"Organics Apple Mango Baby Food Puree, 4 oz",$0.99
"Mango Tropical Flavored Water, 33.8 fl oz",$0.89
"Shelled Walnuts, 16 oz",$6.49
"Cranberry Flavored Water, 33.8 fl oz",$0.89
"Apple Banana Raspberry Yogurt Baby Food Puree, 4 oz",$0.99
"Tomato Ketchup, 38 oz",$2.15
"Butter Entertainment Crackers, 7 oz",$1.65
"Mini Bear Honey Grahams Snack Packs, 12 oz",$4.75
"Indulgent Trail Mix, 26 oz",$6.85
"Artisanal Bread, 20 oz",$3.29
"Saltine Crackers, 16 oz",$1.95
"Organic Apple Juice Boxes - 8 pack, 6.75 fl oz box",$3.85
"Prosciutto, 4 oz",$4.39
"Dark Chocolate Coconut Covered Almonds, 10 oz",$6.59
"Honey Crunch 'n Oats with Almonds Cereal, 18 oz",$2.95
"Sliced Hard Salami, 16 oz",$5.29
"Distilled White Vinegar, 32 fl oz",$1.75
"Jalapeno Jack Cheese Stuffed Olives, 7 oz",$3.29
"White Cheddar Cheese Stuffed Olives, 7 oz",$3.29
"Prime Rib Dog Entree, 3.5 oz",$1.05
"Crispy Oats Cereal, 12 oz",$1.85
"Medium Raw Peeled Shrimp, 12 oz",$7.15
"Organic Beef Bone Broth, 32 oz",$3.55
"Salame Italiano, 3 oz",$3.55
"Distilled White Vinegar, 128 fl oz",$4.29
"Frozen Plain Riced Cauliflower, 12 oz",$1.65
"Cherry Limeade Sparkling Frost Water, 17 fl oz",$0.65
"Unsalted Whole Almonds, 14 oz",$6.55
"Ready to Bake Pizza Dough, 16 oz",$1.35
"Traditional Steel Cut Oats Canister, 30 oz",$3.09
"Carolina Style BBQ Sauce, 19 oz",$2.55
"Memphis Style BBQ Sauce, 19 oz",$2.55
"Organic Peppered Beef Jerky, 2.5 oz",$3.55
"Organic Ketchup, 20 oz",$2.39
"Traditional Feta Cheese Block, 8 oz",$3.85
"Brioche Hot Dog Buns, 9.52 oz",$3.75
"Flat Leaf Spinach, 8 oz",$1.99
"Superberry Pomegranate Dark Chocolate, 7 oz",$4.65
"Original Naan Bread, 17.6 oz",$5.49
"Strawberry and Orange Gel Cups, 4 count",$1.29
"Organic Pear Blueberry Spinach Puree, 4 oz",$0.99
"Turtle Cheesecake Twin Pack, 6 oz",$1.99
"Organic Chipotle Ranch Dressing, 12 fl oz",$3.85
"Deluxe Mixed Nuts with Sea Salt, 30 oz",$14.29
"Organic Raspberry Preserves, 11 oz",$2.95
"Southwest Chicken Quinoa Bowl, 10.5 oz",$4.05
"Mediterranean Chicken Quinoa Bowl, 10.5 oz",$4.05
"Organic 100% Antioxidant Power Juice, 33.8 fl oz",$3.95
"Specialty Shredded Gouda Cheese, 8 oz",$2.99
"Steak Seasoning, 3.4 oz",$1.09
"Lemon Pepper Seasoning, 3.5 oz",$1.09
"Classic Five Cheese Ravioli, 9 oz",$3.29
"Table Blend Salt Free Seasoning Blend, 2.5 oz",$2.15
"Lemon Pepper Salt Free Seasoning Blend, 2.5 oz",$2.15
"Organic Whole Milk, 64 fl oz",$4.29
"Smoked Oysters with Red Chili Pepper, 3 oz",$1.65
"Boy's Training Pants - 3T/4T, 22 count",$7.25
"Sensitive Baby Wipes, 192 count",$5.19
"Dark Mini Chocolate Bars - 5 pack, 1.4 oz",$3.29
"Cherry Fruit and Grain Cereal Bars, 8 count",$2.19
"Strawberry Yogurt Filled Mini Chocolate Bars, 7.05 oz",$3.85
"100% Colombian Medium Dark Ground Coffee, 24.2 oz",$12.09
"Milk Hazelnut Crisp Filled Mini Chocolate Bars, 7.05 oz",$3.85
"Classic Coleslaw, 14 oz",$1.99
"Dark Chili Chocolate Bar, 4.4 oz",$3.29
"Hazelnut Crunch Mini Chocolate Bars - 5 pack, 1.4 oz",$3.29
"Dark Chocolate Sea Salt Bar, 4.4 oz",$3.29
"Milk Creme Filled Mini Chocolate Bars, 7.05 oz",$3.85
"Anti Wrinkle Care Day Cream, 1.7 oz",$3.85
"Toffee Crunch Creamy Chocolate Bar, 4.4 oz",$3.29
"Bran Flakes, 18 oz",$3.15
"Pink Grapefruit Sparkling Flavored Frost Water, 17 fl oz",$0.65
"Fresh Mozzarella Pre-Sliced Log, 8 oz",$3.75
"Pure Coconut Water, 33.8 fl oz",$2.99
"Spinach & Artichoke Stuffed Mushrooms, 8.5 oz",$4.29
"Creamy Beef Stroganoff Cheesy Skillet Dinner Kit, 11.6 oz",$2.85
"Family Size Frosted Flakes, 26.8 oz",$3.85
"Organic Coconut Chia Granola Cereal, 12.3 oz",$2.65
"Bananas, per lb",$0.17
"Strawberries, 1 lb",$2.85
"Organic Grass Fed 85% Lean Ground Beef, 1 lb",$6.59
"Multi-Colored Peppers, 3 count",$2.65
"Honeycrisp Apples, 2 lb",$2.29
"Blueberries, 1 pint",$3.95
"White Bread, 20 oz",$1.55
"Heavy Whipping Cream, 32 fl oz",$5.49
"Sour Cream, 16 oz",$1.99
"Flat Leaf Spinach, 8 oz",$1.99
"2% Milk, 1 gal",$2.89
"Organic Bananas, per lb",$0.77
"Salmon and Sweet Potato Premium Grain Free Dog Food, 4 lb",$6.95
"Chicken and Rice Premium Dog Food, 5 lb",$6.95
"Whole Grain Oats, Almonds and Honey Crunchy Granola, 14 oz",$2.55
"Black Bean Salad, 10 oz",$2.75
"Organic Chopped Kale, 12 oz",$3.55
"Organic Original Unsweetened Almondmilk, 64 fl oz",$3.75
"Chia Seeds, 12 oz",$3.85
"Banana Nut Muffins, 4 count",$4.29
"Santa Fe Style Salad Bowl, 6.25 oz",$3.19
"New York Cheesecake Twin Pack, 6 oz",$1.99
"Sea Salt & Caramel Dark Chocolate Bars, 5 count",$3.29
"Mint Dark Chocolate Bar, 4.4 oz",$3.29
"Milk Extra Creamy Chocolate Bar, 4.4 oz",$3.29
"Orange & Almond Dark Chocolate Bar, 4.4 oz",$3.29
"Dark Chocolate 85% Cocoa Chocolate Bar, 4.4 oz",$3.29
Crispy Milk Hazelnut Chocolate Wafer Snacks - 5 pack,$2.75
"Deluxe Whole Cashews with Sea Salt, 30 oz",$11.55
"Mild Pork Italian Style Meatballs, 16 oz",$3.79
"Vanilla Ice Cream, 1 gal",$7.15
"Fully Cooked Bacon, 2.1 oz",$4.05
"Vegan Zesty Italian Meatless Meatballs, 16 oz",$5.49
"Aged Reserve White Cheddar Cheese, 10 oz",$2.75
"Oven Roasted Chicken Breast, 1 lb",$4.29
"Honey Smoked Turkey Breast & White Turkey, 1 lb",$4.29
"Heavy Duty Coated Paper Plate, 70 count",$3.75
"Baking Powder, 8.1 oz",$2.05
"Sausage, Egg and Cheese Biscuit Sandwiches, 4 count",$4.75
"100% Lemon Juice, 32 fl oz",$2.45
"Zesty Italian Dressing, 16 fl oz",$2.09
"Thousand Island Dressing, 16 fl oz",$2.09
"Mandarin Orange Gel Bowls, 4 count",$2.19
"Peanut Sweet and Salty Nut Granola Bars, 6 count",$2.39
"Organic Whole Omega-3 Milk, 64 fl oz",$4.59
"Cashew Halves and Pieces with Sea Salt, 14 oz",$5.39
"Fair Trade Single Origin Guatemala Medium Roast Ground Coffee, 12 oz",$7.95
"Peaches in Naturally Flavored Strawberry Gel Bowls, 4 count",$2.19
"Mixed Fruit in Blackcherry Gel Bowls, 4 count",$2.19
"Brown Whole Flax Seed, 16 oz",$3.65
"Splash Berry Blend Juice Cocktail, 64 fl oz",$2.09
"Kosher Dill Pickle Spears, 32 fl oz",$3.85
"Plain Bread Crumbs, 15 oz",$1.35
"Pineapple Tidbits in 100% Fruit Juice, 4 Fruit Cups",$2.55
"Party Cups, 50 count",$4.25
"100% Lime Juice, 32 fl oz",$2.45
"Maple and Brown Sugar Instant Oatmeal, 10 count",$2.05
"Sugar Free French Vanilla Coffee Creamer, 32 fl oz",$3.05
"Mac & Cheese Pesto Pasta, 6.5 oz",$2.75
"Ultra Heavy Duty Paper Bowls, 24 count",$2.85
"Quick Cook Steel Cut Oats Canister, 25 oz",$3.09
"Mocha Iced Coffee, 64 fl oz",$4.29
"Buttermilk Ranch Dressing, 16 fl oz",$2.09
"Garlic and Herb Long Grain & Wild Rice Mix, 5.9 oz",$2.19
"Men's Sensitive Triple Blade Razors, 4 count",$3.09
"Clover Honey, 24 oz",$5.29
"Pork & Beans in Tomato Sauce, 16 oz Can",$1.05
"Hickory BBQ Sauce, 18 oz",$1.89
"Almond Sweet and Salty Nut Granola Bars, 6 count",$2.39
"Apple Pie Pure and Simple Fruit and Nut Bars, 5 count",$5.05
"100% Orange Juice Concentrate, 12 oz",$3.45
"Vienna Sausage, 4.6 oz",$0.85
"Strawberry Fruit & Grain Cereal Bars, 8 count",$2.19
"Fat Free Refried Beans, 16 oz",$1.09
"Vanilla Almondmilk, 64 fl oz",$2.45
"Spreadable Irish Butter with Canola Oil, 7.5 oz",$4.19
"Deli Sliced Honey Ham, 1 lb",$4.29
"Lime Belle Vie Sparkling Flavored Water - 12 pack, 12 fl oz",$4.59
"Fruit Cocktail in Heavy Syrup, 15.25 oz",$1.45
"Plain Havarti Cheese, 8 oz",$3.19
"Pure Almond Extract, 2 fl oz",$3.65
"Dried Mediterranean Apricots, 6 oz",$4.05
"Chicken Stuffing Mix, 6 oz",$1.05
"Grated Parmesan and Romano Cheese, 8 oz",$3.25
"Southwest Chopped Salad Kit, 12 oz",$3.65
"Organic Apple Pear Spinach Baby Food Puree, 4 oz",$0.99
"Sunflower Chopped Salad Kit, 11.1 oz",$3.65
"Classic Hot Dogs, 12 oz",$0.99
"Sardines in Spring Water, 4.25 oz",$1.09
"Cranberry Juice Cocktail, 64 fl oz",$3.15
"Tomato Paste, 6 oz",$0.95
"Organic 90 Second Quinoa and Brown Rice, 8.8 oz",$2.55
"Cola, 12-Pack, 12 fl oz Soda Cans",$4.69
"Shelled Pistachios Roasted with Sea Salt, 6 oz",$4.39
"Shredded Mild Cheddar Cheese, 16 oz",$3.65
Organic Blueberry Preserves 11 oz,$2.95
"Jellied Cranberry Sauce, 14 oz",$1.75
"Lemonade Drink Mix, 6 count",$2.55
"Women's Triple Blade Razors, 4 count",$3.09
"Mussels in Garlic Butter Sauce, 16 oz",$3.29
"Mussels in Tomato Garlic Sauce, 16 oz",$3.29
"Premium Cat Food Chicken and Chickpea, 3.15 lb",$7.05
"Fruit Punch Liquid Water Enhancer - 24 pack, 1.62 fl oz",$1.99
"Freeze Dried Strawberries, 1 oz",$2.85
"Deli Sliced Medium Cheddar Cheese, 8 oz",$1.75
"Peanut Cranberry Almond Trail Mix, 8 count",$3.29
"Duplex Sandwich Crème Cookies, 25 oz",$2.95
"Mini Marshmallows, 10 oz",$1.09
"Solid White Tuna in Water, 5 oz",$1.89
"Frozen Blueberries, 24 oz",$4.39
"Concentrated Liquid Bleach, 121 fl oz",$6.05
"Honey Vanilla Indulgent Greek Yogurt, 32 oz",$4.15
"Spicy Single Guacamole - 6 Mini Cups, 12 oz",$4.39
"Minced Garlic in Extra Virgin Olive Oil, 7 oz",$2.65
"Organic Teriyaki Beef Jerky, 2.5 oz",$3.55
"Bananas, per lb",$0.17
"Strawberries, 1 lb",$2.85
"Organic Grass Fed 85% Lean Ground Beef, 1 lb",$6.59
"Multi-Colored Peppers, 3 count",$2.65
"Honeycrisp Apples, 2 lb",$2.29
"Blueberries, 1 pint",$3.95
"White Bread, 20 oz",$1.55
"Heavy Whipping Cream, 32 fl oz",$5.49
"Sour Cream, 16 oz",$1.99
"Flat Leaf Spinach, 8 oz",$1.99
"2% Milk, 1 gal",$2.89
"Organic Bananas, per lb",$0.77
"Key Lime Sparkling Flavored Water, 33.8 fl oz",$0.85
"Spinach Artichoke Tzatziki Dip, 10 oz",$3.29
"Free Range Large Brown Grade A Eggs, 12 count",$5.05
"Pitted Dates, 8 oz",$3.55
"Blackberry Fruit Spread with 75% Fruit, 9.95 oz",$2.75
"Lager Beer - 6 pack, 11.2 fl oz Bottle",$8.89
"Pinot Grigio White Wine, 750 ml",$4.39
"White Zin Rosé Wine, 750 ml",$4.39
"Strawberry Fruit Spread with 75% Fruit, 9.95 oz",$2.75
"Facial Tissue, 144 count",$1.45
"BPA Free Plastic Food Wrap, 200 feet",$2.05
"Classic Chicken Salad Mini Cups, 4 pack",$5.49
"Sugar Free Hazelnut Coffee Creamer, 32 fl oz",$3.05
"Children's Gummy Vitamins, 190 count",$8.25
"Cheese Strip Danish, 14 oz",$3.75
"Value Pack Wild Caught Pink Salmon, 32 oz",$11.39
"Flex Odor Control Kitchen Bag Fresh Scent, 40 count",$6.05
"Cheddar Rice Snacks, 6 oz",$3.29
"Almond Flour, 16 oz",$5.85
"Great Northern Beans, 15.5 oz Can",$0.89
"Organic Whole Milk Plain Yogurt, 32 oz",$4.39
"Organic Whole Milk Vanilla Yogurt, 32 oz",$4.39
"General Tso's Chicken, 26 oz",$8.05
"Canadian Bacon, Egg and Cheese Muffin Sandwiches, 4 count",$4.75
"Meat Lovers Breakfast Bowl, 7 oz",$2.15
"100% Mango Tangerine Juice, 64 fl oz",$3.29
"Pistachios in Shell, 1 lb",$6.05
"Salted Roasted Sunflower Kernels, 16 oz",$2.85
"Club Pack Diapers Size 5, 72 count",$14.29
"Wheat Entertainment Crackers, 8 oz",$1.65
"Garlic Riced Cauliflower, 12 oz",$1.65
"Honey Bear, 12 oz",$3.69
"Vitality Cereal with Red Berries, 11.2 oz",$2.99
"Vanilla Sandwich Crème Cookies, 25 oz",$2.95
"Honey Mustard Dressing, 16 fl oz",$2.09
"Toasted Sesame Oil, 16.9 fl oz",$8.25
"Fruit Rounds Cereal, 12.2 oz",$1.85
"100% Apple Juice Boxes - 8 pack, 6.75 fl oz",$3.15
"Pulp Free Orange Juice, 52 fl oz",$4.39
"Dried Blueberries, 3.5 oz",$2.99
"Jumbo Coconut Breaded Butterfly Shrimp, 9 oz",$3.85
"French Vanilla Coffee Creamer, 32 fl oz",$3.05
"Ranch Dressing, 16 fl oz",$2.09
"Italian Dressing, 16 fl oz",$2.09
"Hickory Smoked Turkey Breast, 1 lb",$4.29
"Ground Black Pepper, 3 oz",$3.85
"Sliced Bacon, 1 lb",$4.39
"Whipped Dairy Topping, 13 oz",$3.09
"Special Medley Dry Cat Food, 3.15 lb",$3.65
"Hickory Smoked No Sugar Added Uncured Bacon, 12 oz",$5.29
"Semi-Sweet Mini Chocolate Morsels, 12 oz",$4.15
"Himalayan Pink Salt Grinder, 3.53 oz",$1.89
"16"" Supreme Deli Pizza, 49.5 oz",$8.69
"Rotisserie Chicken Breast, 9 oz",$3.75
"Sea Salt Grinder, 3.53 oz",$1.89
"Original Organic Soymilk, 64 fl oz",$3.65
"Fresh Linen Fabric Softener Sheets, 80 count",$2.55
"Macaroni and Cheese, 7.25 oz",$0.65
"Aquarium Liquid Hand Soap, 7.5 fl oz",$1.09
"Lower Sodium Bacon, 16 oz",$4.95
"Lowfat Cherry Yogurt, 6 oz",$0.59
"Lowfat Blueberry Yogurt, 6 oz",$0.59
"Lowfat Raspberry Yogurt, 6 oz",$0.59
"Pink Salmon, 14.75 oz",$3.29
"Center Cut Bacon, 12 oz",$5.19
"Mozzarella Cheese Block, 8 oz",$1.99
"Garlic Stuffed Olives, 7 oz",$2.99
"Deli-Sliced Jalapeno Peppers, 16 fl oz",$2.55
"Grapefruit Belle Vie Sparkling Flavored Water - 12 pack, 12 fl oz",$4.59
"Sugar Free Wintergreen Mints, 1.5 oz",$1.99
"Medium EZ Peel Raw Shrimp, 12 oz",$7.15
"Fresh Mozzarella Ball, 8 oz",$3.75
"Fat Free Half & Half, 32 fl oz",$3.09
"Cream Style Sweet Corn, 14.75 oz",$0.85
"Oats 'n Honey Protein Crunchy Granola, 11 oz",$2.65
"Raspberry Fruit Spread with 75% Fruit, 9.95 oz",$2.75
"Fruit and Nut Trail Mix Chewy Granola Bars, 6 count",$1.99
"Peanut Butter Crunchy Granola Bar 2 packs, 6 count",$2.49
"Peanut Butter Cookie Pure and Simple Fruit and Nut Bars, 5 count",$5.05
"Garlic & Chive Pita Crackers, 5 oz",$2.75
"Italian Sparkling Mineral Water - 6 pack, 16.9 fl oz Bottles",$4.95
"Half & Half Creamer, 32 fl oz",$3.09
"Greek Feta Salad, 7 oz",$3.09
"Pure Vegetable Oil, 48 fl oz",$3.85
"100 Calorie Almonds and Walnuts Snack Pack, 3.92 oz",$2.99
"Mini Naan Bread, 12.7 oz",$5.25
"Cajun Trail Mix, 27 oz",$6.85
"Guava Mango Juice Drink, 59 oz",$1.75
"Brown Milled Flax Seed, 16 oz",$3.65
"Mild Cheddar Cheese Cubes, 8 oz",$2.09
"Unsalted Roasted Sunflower Kernels, 16 oz",$2.85
"Original Chocolate Sandwich Creme Cookies, 14.3 oz",$3.05
"Everything Pretzel Slims, 8 oz",$2.19
"Tomato, Basil and Garlic Pasta Sauce, 24 oz",$1.85
"Whipped Cream Cheese Spread, 8 oz",$1.95
"Frozen Shredded Hash Browns, 30 oz",$4.09
"Spring Fresh Fabric Softener Sheets, 80 count",$2.55
"Roasted Pumpkin Seeds, 5 oz",$2.19
"Steamable Frozen Brussels Sprouts, 12 oz",$1.55
"Pumpkin Cake Roll, 18 oz",$5.29
"Plain Sliced Brioche Loaf, 17.6 oz",$5.29
"Corn Flakes Cereal, 18 oz",$2.45
"Low-fat Strawberry Banana Yogurt, 6 oz",$0.59
"Lowfat Peach Yogurt, 6 oz",$0.59
"Strawberry Preserves, 18 oz",$2.59
"Bean and Cheese Burritos, 8 count",$4.19
"Asian Inspirations Chicken Lo Mein, 20 oz",$6.29
"Cornbread Stuffing Mix, 6 oz",$1.05
"Organic Cinnamon Raisin Granola, 12 oz",$4.39
"Oats 'n Dark Chocolate Protein Crunchy Granola, 11 oz",$2.65
"Cranberries and Almonds Protein Crunchy Granola, 11 oz",$2.65
"Kosher Baby Whole Dill Pickles, 16 fl oz",$1.89
"Peanut Butter Chewy Dipped Granola Bars, 6 count",$1.89
"Chicken Gravy Mix, 0.87 oz",$0.65
"Ground Nutmeg, 1.5 oz",$2.19
"Dried Cranberries, 6 oz",$1.89
"Spinach Feta Chicken Sausage, 12 oz",$3.29
"Mesquite Smoked Turkey Breast, 9 oz",$3.75
"Gluten Free Pancake and Baking Mix, 16 oz",$3.25
"Grape Liquid Water Enhancer - 24 pack, 1.62 fl oz",$1.99
"Mild Italian Chicken Sausage, 12 oz",$3.29
"Tomato Basil Chicken Sausage, 4 count",$3.29
"Sausage, Egg and Cheese Croissant Breakfast Sandwich, 18 oz",$6.29
"Cherry Mixed Fruit in 100% Juice - 4 count, 4 oz",$2.55
"Tropical Fruit Bowl in 100% Juice - 4 pack, 4 oz",$2.55
"Sliced Pepperoni, 6 oz",$2.99
"Unsweetened Applesauce Cups, 6 count",$2.19
"Pure Corn Oil, 48 fl oz",$5.45
"Baby Wipes Bundle, 216 count",$5.19
"Garlic and Herb Goat Cheese Log, 4 oz",$1.99
"Real Mayonnaise, 30 fl oz",$3.29
"100% Premium Cranberry Juice, 32 fl oz",$4.85
"Pure Vanilla Extract, 2 fl oz",$4.95
"Raspberry Fruit and Grain Cereal Bars, 8 count",$2.19
"Organic Apple Cinnamon Instant Oatmeal Packets, 8 count",$2.75
"Mild Chili Beans, 15.5 oz",$0.95
"Family Size Low Sodium Oven Roasted Turkey, 15 oz",$5.85
"Tikka Masala Curry Sauce, 15 oz",$4.09
"Butter Chicken Curry Sauce, 15 oz",$4.09
"Italian Salad, 9 oz",$3.29
"Sweet Orange Marmalade Preserves, 18 oz",$2.59
"Honey Crunch 'n Oats Original Cereal, 18 oz",$2.95
"Le Gruyere Cheese, 6 oz",$6.59
"Pretzel Sticks, 1 lb",$2.19
"Honey Wheat Pretzels, 24 oz",$5.85
"Crunchy Fish Fillets, 19 oz",$5.79
"Organic Sea Salt Popcorn, 6 oz",$3.65
"Organic Peru Whole Bean Medium Roast Coffee, 12 oz",$8.79
"Cranberry Apple Juice Cocktail, 64 fl oz",$3.15
"Pine Nut Hummus, 10 oz",$2.85
"Snack Combo Pack, 18 count",$7.25
"Shells and Cheese, 12 oz",$1.55
"Wild Caught Breaded Fish Sticks, 24 oz",$5.79
"Organics Apple Banana Strawberry Yogurt Baby Food Puree, 4 oz",$0.99
"Brie Cheese Round, 8 oz",$4.39
"Organic Salsa Medium, 16 oz",$2.75
"Organic Salsa Hot, 16 oz",$2.75
"Fair Trade Hazelnut Flavored Coffee Pods, 12 count",$5.05
"100% Whole Wheat Sandwich Skinnys, 12 oz",$2.19
"Multigrain Sandwich Skinnys, 12 oz",$2.19
"Organic Salsa Mild, 16 oz",$2.75
"Spicy Gluten Free Bite Size Salami, 8 oz",$6.95
"Chocolate Chip Mini Muffins, 12 oz",$3.29
"Green Tea Citrus Iced Tea - 12 pack, 16.9 fl oz",$5.49
"Moose Tracks Ice Cream, 48 oz",$3.25
"Pre-Cooked Original Sausage Patties, 32 oz",$8.79
"Taco Seasoning Mix, 1 oz",$0.55
"Spicy Brown Mustard, 12 oz",$1.65
"Seasoned French Fries, 32 oz",$3.19
"Caesar Croutons, 5 oz",$1.45
"Cheese and Garlic Croutons, 5 oz",$1.45
"Donut Store Medium Roast 100% Arabica Blend Ground Coffee, 12 oz",$7.15
"Creamy Alfredo Sauce, 15 oz",$1.99
"Chocolate Peanut Butter Protein Meal Bars, 6 count",$5.49
"Gluten Free Brownie Mix, 16 oz",$3.25
"Pure Canola Oil, 48 fl oz",$4.15
"Apricot Preserves, 18 oz",$2.59
"Organic Marinara Pasta Sauce, 23.5 oz",$2.09
"Kalamata Pitted Olives, 6 oz",$2.19
"Organic Tomato Basil Pasta Sauce, 23.5 oz",$2.09
"French Bread Pepperoni Pizza, 2 count",$3.09
"Light Brown Sugar, 32 oz",$2.09
"Marshmallow and Stars Cereal, 11.5 oz",$2.15
"Wide Egg Noodles, 16 oz",$1.79
"Variety Pack Instant Oatmeal, 10 count",$2.05
"Mixed Berry Fruit and Grain Cereal Bars, 8 count",$2.19
"Chopped Dates, 8 oz",$3.55
"Veggie Straws, 7 oz",$3.09
"Long Grain White Rice, 3 lb",$2.95
"Chopped Green Chiles, 4 oz can",$0.89
"Caffeine Free Ginger Ale Soda - 12 pack, 12 fl oz can",$4.69
"Grilled Chicken Breast Strips, 22 oz",$8.05
"93% Lean Ground Turkey, 19.2 oz",$5.19
"Quartered Marinated Artichoke Hearts, 12 oz",$2.45
"Light Sour Cream, 16 oz",$1.99
"2% Milk Reduced Fat American Cheese Singles, 16 count",$2.05
"Gourmet Deli Selection, 6 oz",$6.05
"Black Beans, 15.5 oz can",$0.89
"2% Lactose Free Milk, 64 fl oz",$3.55
"Breaded Chicken Fillets, 24 oz",$8.59
"1% Milk, 64 fl oz",$1.75
"Pre Sliced Hamburger Buns, 8 count",$1.55
"Diced Tomatoes, 14.5 oz",$1.05
"Strawberry Gelatin Mix, 3 oz",$1.09
"Vanilla Almond Bark, 24 oz",$4.39
"Canned Mushrooms, Pieces & Stems, 4 oz",$1.55
"Cranberry Pomegranate Juice Cocktail, 64 fl oz",$3.15
"Big Dipper Tortilla Chips, 10 oz",$2.09
"Tri-Color Tortelloni, 9 oz",$2.99
"100% Apple Juice, 64 fl oz",$2.39
"Extra Moist Classic White Cake Mix, 15.25 oz",$1.25
"Plain Mini Bagels, 18 oz",$3.95
"Dry Pinto Beans, 32 oz",$2.15
"Dry Great Northern Beans, 32 oz",$2.45
"Breakfast Blend Medium Roast 100% Arabica Ground Coffee, 12 oz",$7.15
"Horseradish Cheddar Cheese Spread, 6.5 oz",$3.85
"Crushed Tomatoes, 28 oz",$1.65
"Sliced Pickled Beets, 16 oz",$1.95
"Pork Luncheon Meat, 12 oz",$1.95
"Sharp Cheddar Cheese Block, 8 oz",$1.99
"Deli Sliced Mild Cheddar Cheese, 8 oz",$1.75
"Deli Sliced Pepper Jack Cheese, 7.5 oz",$1.75
"Deli Sliced Muenster Cheese, 8 oz",$1.75
"Lite Pancake Syrup, 24 fl oz",$2.59
"Deli Sliced Swiss Cheese, 7 oz",$1.75
"Blue Cheese Stuffed Olives, 7 oz",$2.99
"Banana Quick Bread Mix, 14 oz",$2.19
"Golden Round Crackers, 13.7 oz",$2.65
"Strawberry Ice Cream, 48 oz",$3.25
"Spring Mix, 5 oz",$2.99
"Garden Salad, 12 oz",$2.35
"Chunky Chicken Noodle Soup, 18.6 oz",$1.69
"Original Chili with Beans, 15 oz",$2.09
"Unscented Fabric Softener Sheets, 80 count",$2.55
"Mushroom Tortelloni, 8.8 oz",$1.99
"Canned Corned Beef, 12 oz",$3.45
"Chunky Blue Cheese Dressing, 16 fl oz",$2.09
"Cannellini Beans, 15.5 oz",$0.89
"1-Ply Everyday Napkins, 250 count",$2.49
"Oatmeal Cranberry Cookies, 14 oz",$4.29
"Split Top Wheat Bread, 20 oz",$1.55
"Pre-sliced Plain Bagels, 6 count",$2.19
"Deli Sliced Provolone Cheese, 8 oz",$1.75
"Plain English Muffins, 6 count",$1.75
"2% Milk, 64 fl oz",$1.79
"Large Ripe Pitted Black Olives, 6 oz",$2.09
"2% Milk, 1 gal",$2.89
"Mozzarella String Cheese, 12 count",$3.45
"Diet Green Tea Citrus Iced Tea - 12 pack, 16.9 fl oz",$5.49
"Fruit Punch Drink Mix, 6 count",$2.55
"Organic 100% Apple Juice, 64 fl oz",$3.29
"Creamy Peanut Butter, 40 oz",$4.35
"100% Pure Corn Starch, 16 oz",$1.89
"Crispy Chicken Strips, 25 oz",$7.49
"Oven Roasted Turkey Breast, 1 lb",$5.85
"Chunk Light Tuna in Water, 5 oz can",$0.99
"Chunk Light Tuna in Oil, 5 oz can",$0.99
"Organic Grass Fed 85% Lean Ground Beef, 1 lb",$6.59
"California Raisin Boxes, 6 count",$2.15
"Original Crumbled Goat Cheese, 4 oz",$3.19
"Instant White Rice, 28 oz",$2.85
"Blue Cheese Crumbles, 5 oz",$3.29
"Hickory Smoked Thick Sliced Bacon, 24 oz",$7.69
"Pepper Jack Cheese Block, 8 oz",$1.99
"Swiss Cheese Singles, 16 count",$2.45
"Strawberry Kiwi Juice Drink, 59 fl oz",$1.75
"Feta Cheese Crumbles, 4 oz",$2.05
"Oven Roasted Turkey Breast & White Turkey Cured, 1 lb",$4.29
"85/15 Ground Beef Patties, 3 lb",$15.69
"Frozen Ground Turkey, 16 oz",$2.19
"Asian Inspired Mandarin Orange Chicken, 26 oz",$8.05
"Cheese Curls, 8.5 oz",$2.09
"Cheese Puffs, 8 oz",$2.09
"Bacon Curlz Dog Treats, 25 oz",$6.39
"Frozen Chicken Pot Pie, 7 oz",$1.09
"Rosso Pesto Sauce, 6.7 oz",$2.65
"Old Fashioned Rolled Oats, 42 oz",$4.39
"Organic Spaghetti, 1 lb",$1.99
"Organic Linguine, 1 lb",$1.99
"100% Cranberry Juice, 64 fl oz",$3.45
"Homestyle Spread, 45 oz",$5.49
"Tastes Like Butter Vegetable Oil Spread, 15 oz",$3.25
Oval Turkey Roasting Pan,$1.55
"100% Grape Juice, 64 fl oz",$3.25
"Fair Trade Colombian Medium Roast Coffee Pods, 12 count",$5.05
"Fair Trade Midnight Blend Dark Roast Coffee Pods, 12 count",$5.05
"Frozen Chicken Tenderloins, 40 oz",$8.05
"Traditional Refried Beans, 16 oz",$1.09
"Sour Cream and Onion Potato Chips, 9.5 oz",$1.99
"Pre-Sliced Everything Bagels, 6 count",$2.19
"French Fried Onions, 6 oz",$3.19
"Complete Buttermilk Pancake & Waffle Mix, 32 oz",$2.15
"Caramel Rice Snacks, 7 oz",$3.29
"Dry Roasted Peanuts with Sea Salt, 16 oz",$2.35
"Chili with No Beans, 15 oz",$2.39
"Italian Sweet Cream Coffee Creamer, 32 fl oz",$3.05
"Dill Havarti Cheese, 8 oz",$3.19
"Hard Salami, 8 oz",$4.75
"Frozen Chicken Wings, 64 oz",$13.15
"Beef Smoked Sausage, 12 oz",$2.99
"Bacon Cheddar Beef Burger Patties, 2 lb",$10.99
"Meat Pasta Sauce, 24 oz",$1.85
"Mushroom Pasta Sauce, 24 oz",$1.85
"Peach Iced Tea Drink Mix, 6 count",$2.55
"Orange Gelatin Mix, 3 oz",$1.09
"Vanilla Wafers, 11 oz",$3.15
"Clubhouse Crackers, 13.7 oz",$3.29
"Pecan Shortbread Cookies, 11.3 oz",$2.45
"Parmesan Romano Garlic Bread, 10 oz",$3.65
"Medium Cooked Shrimp, 12 oz",$6.05
"Yams, 29 oz",$2.15
"Black Cherry Sparkling Flavored Water, 33.8 fl oz",$0.85
"Frosted Bite Size Shredded Wheat, 18 oz",$2.35
"Turkey Polska Kielbasa, 13 oz",$2.99
"Cinnamon Graham Crackers, 14.4 oz",$2.19
"Dark Chocolate Butter Cookies, 4.41 oz",$2.19
"Splash Tropical Blend Juice Cocktail, 64 fl oz",$2.09
"12 Grain Wide Pan Bread, 24 oz",$2.75
"Reduced Fat Thin Wheat Crackers, 8.5 oz",$2.99
"Hazelnut Coffee Creamer, 32 fl oz",$3.05
"Six Cracker Assortment, 13.1 oz",$4.19
"Gallon Storage Twin Lock Bags, 40 count",$1.89
"Roasted Garlic Couscous, 5.8 oz",$1.85
"Pre-Cooked Maple Sausage Patties, 32 oz",$8.79
"Honey Goat Cheese Log, 4 oz",$1.99
"Sugar Cookie Mix, 17.5 oz",$2.99
"Sugar Free Peppermint Mints, 1.5 oz",$1.99
"Angel Hair Pasta, 32 oz",$2.15
"Three Cheese Vinaigrette Dressing, 12 fl oz",$2.99
"Pear Slices in Heavy Syrup, 15 oz",$1.65
"Crunchy Granola Raisin Bran Crunch, 18.2 oz",$2.99
"Canned Whole Kernel Golden Sweet Corn, 15.25 oz",$0.85
"Raspberry Splash Vinaigrette Dressing, 12 fl oz",$2.99
"Premium Strawberry Fresa Ice Cream Bars, 6 count",$5.05
"Premium Coconut Coco Ice Cream Bars, 6 count",$5.05
"Soup & Oyster Crackers, 10 oz",$1.55
"Deli Sliced Sharp Cheddar Cheese, 8 oz",$1.75
"Crushed Pineapple, 20 oz Can",$1.75
"Strawberry Soft Spread Cream Cheese, 8 oz",$1.95
"85% Lean Ground Beef Chub, 16 oz",$6.35
"Sugar Free Instant Vanilla Pudding Mix, 1 oz",$1.09
"Pinto Beans, 30 oz",$1.65
"Honey Wheat Bread, 20 oz",$2.05
"Italian Bread, 20 oz",$2.49
"Chocolate Chip Cookie Mix, 17.5 oz",$2.99
"Cranberry White Cheddar Cheese, 8 oz",$3.29
"Premium Mango Ice Cream Bars, 6 count",$5.05
"House Italian Vinaigrette Dressing, 12 fl oz",$2.99
"100% Whole Wheat Bread, 20 oz",$2.15
"Cocoa Peanut Butter Puffs Cereal, 13 oz",$2.15
"Sliced Turkey Pepperoni, 5 oz",$3.09
"Canned Whole New Potatoes, 15 oz",$1.05
"Condensed Cream of Mushroom Soup, 10.5 oz",$0.79
"Grated Cotija Cheese, 1 lb",$3.85
"Whipped Dressing, 30 fl oz",$3.29
"Hawaiian Sweet Rolls, 12 count",$2.85
"Lemon Sliced Loaf Cake, 8 Count",$4.29
"Mixed Vegetables, 15 oz Can",$1.05
"Sliced Almonds, 6 oz",$2.65
"Slivered Almonds, 6 oz",$2.65
"Real Bacon Bits, 2.5 oz",$2.09
"Original Pancake Syrup, 24 fl oz",$2.59
"Shredded Mexican Style Quesadilla Cheese, 1 lb",$3.85
"Serenity Trail Mix, 16 oz",$5.39
"Maple & Cured Bacon Baked Beans, 28 oz",$1.89
"Cola, 2 Liter Bottle",$1.09
"Sea Salt Pita Crackers, 5 oz",$2.75
"Mild Cheddar Shredded Cheese, 32 oz",$7.55
"Mozzarella Shredded Cheese, 32 oz",$7.55
"Tomato Sauce, 8 oz",$0.55
"Grade A Large White Eggs, 1 dozen",$2.59
"Sweet Kale Chopped Salad Kit, 12 oz",$3.65
"Original Moisturizing Beauty Bar Soap, 2 count",$5.19
"Caesar Salad Kit, 10 oz",$3.29
"Dark Chocolate Morsels, 10 oz",$4.15
"1% Milk, 1 gal",$2.89
"Skim Milk, 64 fl oz",$1.75
"Vegetable Entertainment Crackers, 8 oz",$1.65
"Plain Soft Spread Cream Cheese, 8 oz",$1.95
"Colby Jack Cheese Cubes, 8 oz",$2.09
"Apple Lunchbox Pie, 4 oz",$0.85
"Cherry Pie, 4 oz",$0.85
"Purified Water - 24 pack, 10 fl oz Bottles",$3.95
"Deli Sliced Mozzarella Cheese, 8 oz",$1.75
"Fruit Cocktail in 100% Fruit Juice, 15 oz",$1.45
"Frosted Brown Sugar Cinnamon Pop Tarts Toaster Pastries, 12 count",$4.35
"Natural Spring Water - 24 pack, 16.9 fl oz Bottles",$4.19
"Gain Original Air Effects Air Freshener Spray, 8.8 fl oz",$3.59
"Deli Sliced Gouda Cheese, 10 count",$1.89
"5 Cheese Texas Toast, 8 count",$2.15
"Home Style Corned Beef Hash, 14 oz Can",$3.09
"Corn Chips, 9.25 oz",$1.99
"Soothing Aloe Vera Liquid Hand Soap, 7.5 fl oz",$1.09
"Shredded Sharp Cheddar Cheese, 12 oz",$2.85
"Shredded Colby Jack Cheese, 12 oz",$2.85
"Monterey Jack Cheese Block, 8 oz",$1.99
"New Orleans Style Dirty Rice Mix, 8 oz",$1.75
"Colby Jack Cheese Block, 8 oz",$1.99
"Mild Cheddar Cheese Block, 8 oz",$1.99
"Evaporated Milk, 12 fl oz",$1.05
"Deli Sliced Colby Jack Cheese, 7.5 oz",$1.75
"Crunchy Peanut Butter, 18 oz",$2.19
"Concord Grape Jelly, 30 oz",$2.75
"Parmesan Cheese Wedge, 8 oz",$3.85
"Original Dog Biscuits, 24 oz",$2.99
"100% White Grape Juice, 64 fl oz",$3.25
"Fudge Brownie Mix, 18.3 oz",$1.65
"All Purpose Flour, 5 lb",$2.45
"Whole Milk, 0.5 gal",$1.49
"Low Fat Chocolate Milk, 64 fl oz",$1.79
"Milk Chocolate Bar, 5.29 oz",$2.45
"Jalapeno Stuffed Olives, 7 oz",$2.99
"Whole Pickled Beets, 16 oz",$1.95
"Chopped Walnuts, 8 oz",$3.09
"Iodized Salt, 26 oz",$0.85
"Yellow Mustard, 20 oz",$0.99
"Diet Cola - 12 Pack, 12 fl oz can",$4.69
"Cocktail Sauce, 12 oz",$1.65
"Greek Vinaigrette Dressing, 12 fl oz",$2.99
"100% Whole Wheat Wide Pan Bread, 24 oz",$2.75
"Unsalted Butter Sticks, 1 lb",$3.49
"Garlic Herb Bread, 10 oz",$3.65
"Frozen Heat & Serve Sausage Links, 10 Count",$1.65
"Honey Wheat Puffs Cereal, 15.3 oz",$2.19
"Chocolate Fudge Toaster Tarts, 12 count",$2.15
"Cranberry Raspberry Juice Cocktail, 64 fl oz",$3.15
"Fast Rising Instant Yeast Packets, 3 count",$1.25
"Extra Moist Classic Yellow Cake Mix, 15.25 oz",$1.25
"Chocolate Ice Cream, 48 fl oz",$3.25
"Homestyle Baked Beans, 28 oz",$1.45
"French Style Green Beans, 14.5 oz",$0.85
"Sardines in Soybean Oil, 4.25 oz",$1.09
"Tranquility Trail Mix, 16 oz",$5.39
"Very Young Sweet Small Peas, 15 oz Can",$1.35
"Cherry Pie Filling and Topping, 21 oz",$2.75
"Cream Cheese Frosting, 16 oz",$1.89
"Cheese Melt, 32 oz",$5.19
"Genovese Pesto Sauce, 6.7 oz",$2.65
"Active Dry Yeast Packets, 3 count",$1.25
"Vanilla Frosting, 16 oz",$1.89
"Natural Creamy Peanut Butter, 16 oz",$2.15
"Cinnamon Applesauce, 24 oz",$2.99
"Dried Montmorency Cherries, 5 oz",$2.99
"Granulated Sugar, 4 lb",$3.19
"Steak Sauce, 10 fl oz",$2.09
"Graham Cracker Pie Crust, 6 oz",$1.75
"Garlic Chicken Skillet, 21 oz",$4.65
"Baking Soda, 16 oz",$0.99
"Mussels in Natural Juices, 16 oz",$3.29
"Cinnamon Raisin Bread, 16 oz",$2.75
"Shredded Mexican Cheese, 12 oz",$2.85
"Classic Caesar Dressing, 16 fl oz",$2.09
"Premium Chunk Chicken Breast, 12.5 oz",$2.75
"Mild Banana Pepper Rings, 16 fl oz",$2.55
"Premium Sicilian Extra Virgin Olive Oil, 16.9 fl oz",$11.55
"Cream Cheese, 8 oz",$1.65
"Shredded Mozzarella Cheese, 16 oz",$3.65
"Sardines in Hot Sauce, 3.75 oz",$1.09
"Original Pretzel Slims, 8 oz",$2.19
"73/27 Ground Beef Roll, 3 lb",$15.39
"Prosciutto Italiano, 3 oz",$3.55
"Speck Italiano, 3 oz",$3.55
"Thick Cut Maple Bacon, 24 oz",$7.69
"Thick Cut Peppered Bacon, 24 oz",$7.69
"Sweet and Sour Sauce, 14.5 oz",$1.89
"Salmon Cat Treats, 3 oz",$1.09
"Chicken Cat Treats, 3 oz",$1.09
"Asian Chopped Salad Kit, 12 oz",$3.65
"Ground Mild Italian Sausage, 16 oz",$3.55
"Organic Garlic Hummus, 8 oz",$2.85
"Chocolate Chip Muffins, 4 count",$4.29
"Unsweetened Applesauce, 46 oz",$3.45
"Beef and Chicken Premium Canned Dog Food, 14.1 oz",$1.95
"Organic Arugula and Spinach Mix, 5 oz",$3.19
"Peanut Butter Filled Pretzels, 24 oz",$4.95
"Neufchatel Cheese, 8 oz",$1.65
"Turkey and Giblets Canned Cat Food, 5.5 oz",$0.65
"Lemonade Sparkling Frost Water, 17 fl oz",$0.65
"Beef Sausage Snack Sticks, 7 oz",$4.19
"Black Raspberry Sparkling Flavored Frost Water, 17 fl oz",$0.65
"Paprika, 2.12 oz",$1.09
"Onion Powder, 2.62 oz",$1.09
"Organic Strawberry Preserves, 11 oz",$2.95
"Organics Apple Carrot Baby Food Puree, 4 oz",$0.99
"Frozen Chicken Breasts, 48 oz",$9.69
"Blueberry Mini Muffins, 12 oz",$3.29
"Bananas, per lb",$0.17
"Strawberries, 1 lb",$2.85
"Organic Grass Fed 85% Lean Ground Beef, 1 lb",$6.59
"Multi-Colored Peppers, 3 count",$2.65
"Honeycrisp Apples, 2 lb",$2.29
"Blueberries, 1 pint",$3.95
"White Bread, 20 oz",$1.55
"Heavy Whipping Cream, 32 fl oz",$5.49
"Sour Cream, 16 oz",$1.99
"Flat Leaf Spinach, 8 oz",$1.99
"2% Milk, 1 gal",$2.89
"Organic Bananas, per lb",$0.77
"Chicken, Vegetable and Rice Premium Canned Dog Food, 14.1 oz",$1.95
"Chili Powder, 2.5 oz",$1.09
"Organic Wildflower Honey, 12 oz",$4.65
"Cinnamon Raisin Mini Bagels, 18 oz",$3.95
"Panko Breadcrumbs, 8 oz",$2.05
"Sprouted 7 Grain Bread, 16 oz",$3.95
"Sliced Sourdough Round, 24 oz",$3.65
"Artisan Flatbread, 14.1 oz",$4.39
"Gluten Free Sweet Chili Brown Rice Crisps, 7 oz",$3.15
"1000 Sheet Bath Tissue, 12 count",$8.79
"Reduced Sodium Brown Gravy Mix, 0.87 oz",$0.55
"Oven Ready Lasagna Noodles, 12 oz",$1.75
"Strawberry Yogurt Bites, 1 oz",$2.15
"Jumbo Scallops, 12 oz",$17.05
"Pitted Dried Prunes, 18 oz",$6.39
"Chocolate Premium Ice Cream, 48 fl oz",$6.29
"Wild Caught Ahi Tuna, 12 oz",$4.65
"Coconut Macaroons, 6.7 oz",$2.65
"Organic Extra Virgin Olive Oil, 16.9 fl oz",$7.99
"Lemon Belle Vie Sparkling Flavored Water - 12 pack, 12 fl oz",$4.59
"Original Belle Vie Sparkling Flavored Water - 12 pack, 12 fl oz",$4.59
"Breaded Chicken Breast Patties, 23.8 oz",$5.85
"Spinach Herb Wraps, 15 oz",$3.69
"Heavy Duty Aluminum Foil, 50 feet",$4.85
"Sweet and Savory Bar Mix, 43 oz",$8.79
"German Bean Soup, 28 oz",$2.75
"Stevia No Calorie Sweetener Packets, 80 count",$4.09
"Ginger Beer - 4 pack, 12 fl oz",$3.65
"Organic Original Beef Jerky, 2.5 oz",$3.55
"Chicken Caesar Salad Bowl, 6.25 oz",$3.19
"Brioche Rolls, 16.9 oz",$4.39
"Fresh Essentials Liquid Laundry Detergent, 100 fl oz",$6.59
"Sea Salt Caramel Chocolate Chunk Cookie Dough, 16 oz",$4.09
"Chocolate Coconut Macaroons, 7.8 oz",$2.65
"Mixed Berry Yogurt Bites, 1 oz",$2.15
"Lactose Free Whole Milk, 64 fl oz",$3.55
"Chickpea Salad, 8 oz",$2.75
"Cinnamon Breakfast Biscuits, 5 pack",$3.85
"Club Pack Diapers Size 6, 60 count",$14.29
"Chocolate Chip Sliced Brioche Loaf, 1.1 lb",$5.29
"Sausage & Gravy Breakfast Bowl, 7 oz",$2.15
"Cinnamon Rolls with Icing, 8 count",$2.45
"Original Long Grain & Wild Rice Mix, 6 oz",$2.19
"Creamy Almond Butter, 12 oz",$3.55
"Bratwurst, 19 oz",$4.65
"Parmesan Couscous, 5.9 oz",$1.85
"Original Baked Beans, 28 oz",$1.89
"Salsa Con Queso, 15 oz",$2.45
"American Cheese Singles, 16 count",$2.05
"Strawberry Applesauce Cups, 6 count",$2.19
"Fair Trade Decaf Donut Store Medium Roast Coffee Pods, 12 count",$5.05
"Four Cheese Risotto, 6 oz",$1.89
"Quart Storage Twin Lock Bags, 50 count",$2.35
"Large Drawstring Trash Bags, 28 count",$8.05
"Creamy Caramel Dip, 14 oz",$3.85
"Chocolate Chip Mini Muffins, 20 count",$3.05
"Dried Fruit Medley, 7.5 oz",$3.19
"Beef Cat Entree, 3 oz",$0.75
"Cocktail Peanuts with Sea Salt, 16 oz",$2.35
"Vanilla Premium Ice Cream, 48 fl oz",$6.29
"Vegan Veggie Burgers, 4 count",$4.19
"Vanilla Bean Ice Cream, 48 oz",$3.25
"Caramel Cappuccino Coffee Pods, 12 count",$5.05
"Pure Maple Syrup, 12.5 fl oz",$5.49
"Steamable Frozen Asian Medley, 12 oz",$1.65
"100% Premium Black Cherry Juice, 32 fl oz",$4.85
"Premium Sliced Bacon, 16 oz",$4.95
"Adult Gummy Vitamins, 150 count",$8.25
"Superberry Blueberry Acai Dark Chocolate, 7 oz",$4.65
"75/25 Ground Beef Patties, 3 lb",$13.75
"Crinkle Cut Potatoes, 32 oz",$3.19
"Shredded 2% Milk Reduced Fat Sharp Cheddar Cheese, 11 oz",$2.85
"Butter Pecan Ice Cream, 48 oz",$3.25
"Cookies and Cream Ice Cream, 48 oz",$3.25
"Club Pack Diapers Size 4, 82 count",$13.55
"Parchment Paper, 45 feet",$3.09
"White Cheddar Puffs, 4 oz",$3.09
"Poultry Seasoning, 1.5 oz",$2.15
"Ground Sage, 1.25 oz",$2.15
"USDA Organic Pinto Beans, 15.5 oz Can",$1.09
"Organic Creamy Peanut Butter, 16 oz",$4.85
"Organic Yellow Corn Tortilla Chips, 11 oz",$3.09
"Organic Light Brown Sugar Pouch, 24 oz",$3.45
"Organic Cane Sugar Pouch, 32 oz",$3.45
"Light Mozzarella String Cheese, 10 oz",$3.45
"Tomato Basil Sauce, 24 oz",$3.19
"Four Cheese Alfredo Sauce, 15 oz",$1.99
"Cocktail Smokies Smoked Sausage, 14 oz",$3.09
"Ibuprofen Tablets, 100 count",$1.89
"Black Forest Turkey, 1 lb",$4.29
"Large Burrito Flour Tortillas, 8 count",$2.35
"AA Alkaline Batteries, 8 count",$3.25
"Unsweetened Baking Cocoa Powder, 8 oz",$4.95
"Sweet Relish, 16 fl oz",$1.89
"Fair Trade Organic Extra Bold Medium Roast Coffee Pods, 12 count",$5.45
"Unsalted Roasted Pistachios, 10 oz",$3.65
"Aloe Vera Drink, 16.9 fl oz",$1.09
"Butterscotch Morsels, 11 oz",$3.75
"Milk Chocolate Morsels, 11.5 oz",$4.15
"Complete Nutrition Dry Dog Food, 18.5 lb",$14.85
"Boneless Skinless Chicken Thighs, 48 oz",$7.69
"Caramel Corn Rice Cakes, 6.56 oz",$3.25
"Original Applesauce Cups, 6 count",$2.19
"Original Coffee Creamer, 16 oz",$3.75
"Chewy Chocolate Chip Cookies, 13 oz",$2.55
"Organic Chicken Broth, 32 oz",$2.05
"Kitchen Sink Cookies, 14 oz",$4.29
"Maple Breakfast Sausage Links, 12 oz",$2.55
"Original Almondmilk, 64 fl oz",$2.45
"Crunchy Hard Taco Shells, 12 count",$1.65
"Black Angus Beef Burger Patties, 2 lb",$10.99
"Bologna, 1 lb",$1.65
"Dark Chocolate Bar, 5.29 oz",$2.45
"Fair Trade French Vanilla Flavored Single Serve Coffee Pods, 12 count",$5.05
"Variety Dog Biscuits, 24 oz",$2.99
"Shredded Italian Blend Cheese, 12 oz",$2.85
"Three Cheese Tortelloni, 20 oz",$6.45
"Citrus Twist Lemon Lime Soda - 12 pack cans, 12 fl oz",$4.69
"Italian Seasoned Croutons, 5 oz",$1.45
"Caramel Double Chocolate Crunch Advance Snack Bars, 5 count",$5.95
"Deluxe Mixed Nuts Unsalted, 30 oz",$14.29
"Dark Chocolate Almond Bar, 5.29 oz",$2.45
"Sweet Butter Salad, 8 oz",$2.99
"Organic Mixed Greens, 5 oz",$3.19
"Chocolate Cupcakes, 8 count",$2.65
"Roasted Pepitas, 6 oz",$2.99
"Vegan Southwestern Style Chipotle Black Bean Burgers, 4 count",$4.19
"Organic Fruit Punch Juice - 8 pack, 6.75 fl oz box",$3.85
"Original Chunk Light Tuna in Water Pouch, 2.5 oz",$0.95
"Zesty Lemon Pepper Tuna in Water Pouch, 2.5 oz",$0.95
"Feta Traditional Cheese, 8 oz",$3.85
"Thyme Leaves, 0.75 oz",$2.15
"Orange Tangerine Liquid Water Enhancer - 24 pack, 1.62 fl oz",$1.99
"Sweet and Spicy Tuna in Water Pouch, 2.5 oz",$0.95
"Shredded Organic Mexican Cheese Blend, 6 oz",$3.09
"Garlic Naan Bread, 17.6 oz",$5.49
"Organic Caesar Dressing, 12 fl oz",$3.85
"Organic Spring Mix, 16 oz",$5.39
"AAA Alkaline Batteries, 8 count",$3.25
"Lemonade Flavored Water, 33.8 fl oz",$0.89
"Strawberry Lemonade Flavored Water, 33.8 fl oz",$0.89
"Organic Baby Spinach, 5 oz",$3.19
"Frozen Popcorn Chicken, 25.5 oz",$7.69
"Original BBQ Sauce, 18 oz",$1.89
"Honey BBQ Sauce, 18 oz",$1.89
"Organic Beef Broth, 32 oz",$2.05
"Tortilla Strips, 24 oz",$4.19
"Fair Trade Breakfast Blend Medium Roast Coffee Pods, 12 count",$5.05
"Original Gluten Free Bite Size Dry Salami, 8 oz",$6.95
"Marinara Sauce, 24 oz",$3.19
"Original Coconutmilk, 64 fl oz",$3.85
"Original Unsweetened Almondmilk, 64 fl oz",$2.45
"Turkey Sausage Snack Sticks, 8 oz",$4.19
"Teriyaki Stir Fry, 32 oz",$3.95
"Black Forest Ham, 1 lb",$4.29
"Sourdough Square Loaf, 24 oz",$3.65
"Sweet Bread and Butter Pickle Chips, 24 fl oz",$2.19
"Mini Peanut Butter Sandwich Crackers, 8.8 oz",$3.05
"Mini Cheese Sandwich Crackers, 8.8 oz",$3.05
"Diced Tomatoes with Basil, Garlic and Oregano, 14.5 oz",$0.99
"General Tso's Sauce, 14.5 oz",$1.89
"Dried Tropical Pineapple, 6 oz",$3.19
"Chicken Cat Entrée, 3 oz",$0.75
"Honey Roasted Peanuts, 16 oz",$2.35
"Fair Trade Decaf Breakfast Blend Medium Roast Coffee Pods, 12 count",$5.05
"Organic Honduran Whole Bean Medium Roast Coffee, 12 oz",$8.79
"Original Salt Free Seasoning Blend, 2.5 oz",$2.15
"Peach Sparkling Flavored Water, 33.8 fl oz",$0.85
"Organic Quinoa, 16 oz",$3.69
"Pecan Halves, 10 oz",$5.49
"Ciabatta Sandwich Rolls, 18 oz",$3.75
"6"" White Corn Tortillas, 30 count",$2.15
"Basket Coffee Filter, 200 count",$2.05
"Spreadable Butter Light, 15 oz",$4.25
"Dark Chocolate 70% Cocoa Chocolate Bar, 4.4 oz",$3.29
"Organic Aged Balsamic Dressing, 12 fl oz",$3.85
"Vanilla Pudding Cups, 4 count",$1.09
"Toasted Beef Ravioli, 1 lb",$4.75
"Instant Chocolate Pudding Mix, 3.9 oz",$1.09
"Fire Roasted Diced Tomatoes, 14.5 oz Can",$1.29
"Organic Poppyseed Dressing, 12 fl oz",$3.85
"Jumbo Flaky Biscuits, 16 oz",$1.95
"Jumbo Buttermilk Biscuits, 8 count",$1.95
"Oats and Honey Granola Crunch, 16 oz",$4.19
"California French Style Dressing, 16 fl oz",$2.09
"Vidalia Onions, 2 lb",$2.19
"Light Ranch Salad Dressing, 16 fl oz",$2.09
"Camembert Soft Cheese, 7 oz",$4.95
"Gluten Free Yellow Cake Mix, 15 oz",$3.25
"Onion and Chive Soft Spread Cream Cheese, 8 oz",$1.95
"Facial Tissue with Lotion, 65 count",$1.29
"Canned Dark Red Kidney Beans, 15.5 oz",$0.89
"Everything Bagel Seasoning, 2.3 oz",$1.75
"Organic Cage Free Brown Eggs, 1 dozen",$5.35
"Organic Whole Milk Plain Greek Yogurt, 32 oz",$6.59
"Organic Whole Milk Vanilla Bean Greek Yogurt, 32 oz",$6.59
"Mini Peanut Butter Sandwich Crackers, 12 oz",$5.49
"Mini Cheese Sandwich Crackers , 12 oz",$5.49
"Caramel Coconut Fudge Cookies, 8.5 oz",$2.45
"Fudge Striped Shortbread Cookies, 13 oz",$1.89
"Roasted Vegetable and Chicken Long Grain & Wild Rice Mix, 6.3 oz",$2.19
"Organic Mixed Vegetable, 10 oz",$1.75
"Frozen Organic Peas, 10 oz",$1.75
"Frozen Organic Corn, 10 oz",$1.75
"Organic Cut Green Beans, 10 oz",$1.75
"Frozen Pineapple, 24 oz",$4.09
"Organic Frozen Blueberries, 24 oz",$6.59
"Grilled Chicken Dog Entree, 3.5 oz",$1.05
"Filet Mignon Dog Entrée, 3.5 oz",$1.05
"Salmon Dinner Canned Cat Food, 5.5 oz",$0.65
"Salisbury Steak, 28 oz",$3.95
"Beef and Bean Burritos, 8 count",$4.19
"Organic Ground Turmeric, 1.37 oz",$2.09
"Broccoli Kids Bites, 12 oz",$4.09
"Sweet Potato Kids Bites, 12 oz",$4.09
"Pure Avocado Oil, 17 fl oz",$7.15
"Ranch Dressing, 36 fl oz",$4.09
"Frozen Pancakes & Sausage On-A-Stick, 25 oz",$6.95
"Cinnamon French Toast Sticks, 16 oz",$3.45
"Frozen Regular Corndogs, 6 count",$3.75
"Mini Brownie Bites, 8.25 oz",$3.05
"Classic Vegan Meatless Meatballs, 16 oz",$5.49
"Chocolate Almond Bark, 24 oz",$4.39
"Original French Toast Sticks, 16 oz",$3.45
"Hash Brown Patties, 20 count",$5.49
"Mini Muffin, 5 pack",$3.05
"Golden Raisins,15 oz",$4.19
"Ground Lamb, 1 lb",$6.99
"Strawberry Fruit Strips, 21 count",$5.49
"Sugar Free Yellow Sour Mints, 1.5 oz",$1.99
"Sugar Free Red Sour Mints, 1.5 oz",$1.99
"Frozen Seafood Mix, 1 lb",$7.69
"Family Size Chicken Nuggets, 3 lb",$7.49
"Steamable Frozen California Medley Vegetables, 12 oz",$1.29
"Whipped Topping, 8 oz",$1.25
"Regular Hot Cocoa Mix, 10 count",$2.75
"Hot Cocoa Mix with Marshmallows, 10 count",$2.75
"Organics Apple Banana Blueberry Oat Flax, 4 oz",$0.99
"Organics Pear Mixed Berry Beet Flax, 4 oz",$0.99
"Organics Mango Apple Banana Avocado Kale, 4 oz",$0.99
"Body Wash Deep Moisture, 22 fl oz",$4.09
"Body Wash Sensitive Skin, 22 fl oz",$4.09
"Restaurant Style Salsa, 16 oz",$2.75
"Pineapple Salsa, 16 oz",$2.75
"Black Bean & Corn Salsa, 16 oz",$2.75
"Aloe Vera Mango Flavor Drink, 16.9 fl oz",$1.09
"Vegan Cheddar Style Shreds, 8 oz",$3.75
"Original Grilled Chicken Strips with Rib Meat, 6 oz",$3.25
"Southwestern Grilled Chicken Strips with Rib Meat, 6 oz",$3.25
"Heavy Whipping Cream, 32 fl oz",$5.49
"Original Tartar Sauce, 12 oz",$1.65
"12"" Veggie Cauliflower Crust Deli Pizza, 17.6 oz",$9.15
"Calzone Philly Cheese Steak, 6 oz",$2.55
"Kiwi Guava Sparkling Drink, 12 fl oz",$2.19
"Salami Collection, 12 oz",$6.95
"You're Cajun Me Crazy Cajun Spice Cheddar Cheese, 4 oz",$3.85
"Blue Stilton Cheese, 5.3 oz",$4.19
"Mixed Berry Protein Blended Nonfat Greek Yogurt Cups, 4 count",$4.09
"Mild Cheddar Cheese Snack Sticks, 9 oz",$2.75
"Scalloped Potatoes, 4.7 oz",$1.29
"White Baking Morsels, 11 oz",$3.75
"Organic Extra Firm Tofu, 14 oz",$1.75
"Acetaminophen Caplets, 100 count",$1.89
"Roasted Garlic & Tomato Basil Hand Crafted Cheese, 8 oz",$3.45
"Dino Nuggets, 35 oz",$7.05
"Chocolate Ready to Drink Protein Shake, 4 count",$7.59
Cinnamon Apple Chips,$2.19
"Mixed Berry Gelato, 28.5 fl oz",$3.65
"Zero Sugar Original Smoked Snack Sticks, 9.5 oz",$8.05
"Red Pepper Hummus Protein Wraps, 12 oz",$3.29
"Original Thin Crust Sausage, 14.9 oz",$3.29
"Watermelon Sparkling Drink, 12 fl oz",$2.19
"Heat & Serve Garlic Knots, 8 count",$3.29
"Chardonnay White Wine, 750 ml",$11.09
"Cheddar Cauliflower Crackers, 4 oz",$2.99
"Elderberry Shot, 2 fl oz",$2.09
"Spearmint Gum, 3.5 oz",$4.65
"Onion Recipe, Soup & Dip Mix, 2 oz",$1.09
"Express Mac and Cheese Cups, 4 count",$4.09
"Kids Fruit and Grain Apple Cinnamon Mini Bars, 10 count",$4.39
"Cucumber, each",$0.65
"Artisan Lettuce, each",$3.29
"Organic Green Grapes, 2 lb",$5.85
"Baby Peeled Carrots, 16 oz",$1.35
"Autumn Crisp Grapes, 2 lb Bag",$6.59
"Granny Smith Apples, 3 lb",$4.29
"Red Delicious Apples, 3 lb",$3.09
"Red & Yellow Potatoes, 24 oz",$3.09
"Family Pack Thin Sliced Boneless Pork Chops, per lb",$7.75
"Strawberries, 1 lb",$2.85
"Green Peppers, 3 count",$2.45
"Pink Lady Apples, 3 lb",$4.09
"Organic Blackberries, 6 oz",$3.29
"Russet Potatoes, 10 lb",$4.75
"Blueberries, 1 pint",$3.95
"Organic Red Grapes, 2 lb",$5.85
"Mandarin Oranges, 3 lb",$4.09
"Pineapple, each",$2.39
"Portabella Mushrooms, 6 oz",$2.75
"Grape Tomatoes, 10 oz",$2.19
"Blackberries, 6 oz",$2.75
"Asparagus, 1 lb",$3.19
"Jalapeno Peppers, 8 oz",$0.95
"Fresh Organic Strawberries, 1 lb",$4.09
"Cauliflower Crowns, each",$3.19
"Mini Avocados, 6 count",$3.29
"Beefsteak Tomatoes, 1 lb",$3.09
"Tomatoes On the Vine, 24 oz",$3.19
"Cabbage, per lb",$2.67
"Sugar Snap Peas, 8 oz",$2.45
"Lactose Free 2% Reduced Fat Ultra Filtered Milk, 59 fl oz",$4.29
"Rosemary Olive Oil Woven Wheat Crackers, 9 oz",$2.55
"Glacier Cherry Sports Drink - 8 pack, 20 oz bottle",$8.79
"Roasted Garlic Pasta Sauce, 24 oz",$1.85
"3 Wick Tropical Escape Scented Candle, each",$4.95
"Party Size Chewy Chips Ahoy Cookies, 26 oz",$6.59
"Pumpkin Spice Whipped Dairy Topping, 13 oz",$3.65
"Mini Sweet Peppers, 1 lb",$3.19
"Plums, 2 lb",$3.85
"Limes, 1 lb",$2.75
"Celery, each",$1.79
"White Onions, 2 lb",$2.75
"Cherub Grape Tomatoes, 10 oz",$2.85
"Red Onions, 2 lb",$2.75
"Mini Cucumbers, 1 lb",$2.09
"Yellow Onions, 3 lb",$2.75
"Multi-Colored Peppers, 3 count",$2.65
"Organic Blueberries, 6 oz",$3.29
"Cilantro Bunch, each",$0.89
"Boston Hydroponic Lettuce, each",$2.99
"Ginger Root, 8 oz",$2.19
"Seedless Cucumber, ea",$1.05
"Bite Size Yellow Potatoes, 24 oz",$3.09
"Yellow Potatoes, 5 lb",$4.39
"Raspberries, 6 oz",$2.75
"Cara Cara Oranges, 3 lb",$4.95
"Organic Baby Peeled Carrots, 16 oz",$1.75
"Snacking Tomatoes on the Vine, 12 oz",$2.75
"Organic Raspberries, 6 oz",$3.55
"Baby Bella Mushrooms, 8 oz",$1.45
"Brussels Sprouts, 1 lb",$2.85
"Iceberg Lettuce, each",$1.99
"White Mushrooms, 8 oz",$1.75
"Seedtastic Organic Bread, 27 oz",$4.65
"Chunky Chicken Noodle Soup, 18.6 oz Can",$2.75
"Vanilla Protein Blended Nonfat Greek Yogurt Cups, 4 count",$4.09
"Bisquick Pancake & Baking Mix, 40 oz",$5.05
"Atlantic Salmon Side, per lb",$17.38
"Red Thunder Extra Strength Berry, 2 fl oz",$1.09
"Roasted Red Pepper Artichoke Tapenade, 6 oz",$2.55
"Shepherd's Pie, 30 oz",$7.49
"Strawberry Belle Vie Sparkling Flavored Water - 12 pack, 12 fl oz",$4.59
"Sugar Cookie Mix, 17.5 oz",$3.29
"Oreo and M&M Yogurt Multipack, 8 count",$8.15
"Carnation Evaporated Milk, 12 fl oz",$2.05
"Cheddar Parmesan Cheese, 7 oz",$3.95
"Organic White Mild Cheddar Cheese Slices, 6 oz",$3.09
"Thai-Inspired Coconut Chicken, 16 oz",$7.15
"Chicken Egg Rolls, 13.5 oz",$3.85
"Seafood Medley Cat Treats, 3 oz",$1.09
"Non Alcoholic Sparkling Red Grape Juice Cocktail, 750 ml",$3.55
"Uncured Ham, Pepper & Cheddar Breakfast Bite, 7.8 oz",$5.49
"Baby Eczema Therapy Cream, 8 oz",$4.39
"Maple Vanilla Whipped Dairy Topping, 13 oz",$3.65
"Original Barbecue Sauce, 28 oz",$3.59
"Spinach and Cheese Manicotti, 19 oz",$5.39
"Unsweetened Chocolate Bar, 4 oz",$3.45
"Antibiotic Free 80% Lean Ground Pork, 16 oz",$3.19
"Maple Leaf Creme Cookies, 11.4 oz",$3.49
"Butter Puffed Corn, 5 oz",$1.89
"Organic Raw Unsalted Cashews, 14 oz",$8.25
"Balsamic Onion Cheddar Cheese, 5.3 oz",$5.29
"Deli Sliced Genoa Salami, 8 oz",$3.19
"Fully Cooked Pork Burnt Ends in BBQ Sauce, 16 oz",$6.05
"French Vanilla Dry Coffee Creamer, 15 oz",$3.75
"Brioche Buns, 6 count",$4.25
"Ready to Eat Chicken Salad Kit with Crackers, 3.5 oz",$1.55
"Dark Chocolate Sea Salt Maxx Bar, 4 count",$4.85
"Gluten Free Wide Pan Whole Grain Bread, 20 oz",$7.69
"Deluxe American Cheese Slices, 24 count",$4.35
"Double Chocolate Brownie Mix, 18 oz",$4.39
"Sliced Polish Ham with Natural Juices, 16 oz",$6.05
"Chicken Bouillon Cubes, 3.25 oz",$1.99
"Organic Grass Fed 93% Lean Ground Beef, 1 lb",$8.25
"Canola Cooking Spray, 8 oz",$2.75
"Chunky New England Clam Chowder Soup, 18.8 oz Can",$2.75
"Organic Pears, 2 lb",$4.39
"Fuji Apples, 3 lb",$3.29
"Gala Apples, 3 lb",$2.99
"Garlic, 3 count",$1.89
"Honeycrisp Apples, 2 lb",$2.29
"Cosmic Crisp Apples, 2 lb",$3.19
"French Green Beans, 1 lb",$3.09
"Sensitive Skin Beauty Bar Soap, 2 count",$5.19
"Organic Romaine Hearts, 3 count",$4.29
"Organic Bananas, per lb",$0.77
"Red Grapes, per lb",$4.03
"3 Wick Vanilla Scented Candle , each",$4.95
"Pomegranate Blackberry Probiotic Juice, 32 fl oz",$4.39
"3 Wick Gardenia Scented Candle, each",$4.95
"Spaghetti Squash, per lb",$2.67
"Bananas, per lb",$0.17
"Butternut Squash, per lb",$2.45
"Broccoli Crowns, per lb",$1.99
"Cantaloupe, each",$2.75
"Large Avocado, each",$0.89
"Green Grapes, per lb",$4.03
"Apples, per lb",$5.67
"Roasted Garlic Bagel Chips, 6 oz",$3.29
"Chocolate Caramel Creamer, 32 fl oz",$3.97
"Sea Salt Bagel Chips, 6 oz",$3.29
"Organic Roasted Salted Cashews, 14 oz",$8.25
"Canned 100% Pure Pumpkin, 15 oz",$1.29
"Caramel Nut Roll Bar, 5 count",$5.95
"Antibiotic Free Boneless Skinless Chicken Thighs, per lb",$5.17
"Turkey Club Wrap, 8 oz",$4.39
"Bananas, per lb",$0.17
"Strawberries, 1 lb",$2.85
"Organic Grass Fed 85% Lean Ground Beef, 1 lb",$6.59
"Multi-Colored Peppers, 3 count",$2.65
"Honeycrisp Apples, 2 lb",$2.29
"Blueberries, 1 pint",$3.95
"White Bread, 20 oz",$1.55
"Heavy Whipping Cream, 32 fl oz",$5.49
"Sour Cream, 16 oz",$1.99
"Flat Leaf Spinach, 8 oz",$1.99
"2% Milk, 1 gal",$2.89
"Organic Bananas, per lb",$0.77
"Gusher Variety Pack, 4.8 oz",$3.29
"Cheddar Bay Biscuit Mix, 11.36 oz",$3.15
"Broccoli & Cheddar Hand Stuffed Chicken Breast, 16 oz",$7.15
"Simply Plus Oxi Detergent, 31 fl oz",$3.79
"Condensed Chicken Noodle Soup, 10.75 oz Can",$1.39
"Artichoke Spinach & Parmesan Cheese Hand Stuffed Chicken Breast, 16 oz",$7.15
"Exfoliating Facial Scrub, 7 fl oz",$3.29
"Kinder Bueno Chocolate Bar, 1.5 oz",$1.55
"Organic Butternut Squash, 10 oz",$2.55
"Fresh 80% Lean 20% Fat Ground Beef Patties, 4 count",$7.43
"Chocolate Meal Replacement Shake, 6 count",$8.09
"Black Angus Beef Choice Boneless Ribeye Steak, per lb",$14.70
Frosted Strawberry Pop Tarts,$4.35
"Avocado Oil Cooking Spray, 4.7 fl oz",$3.29
"Carnitas Seasoned Boneless Pork Shoulder Roast, per lb",$4.78
"Fruit Punch Juice, 59 fl oz",$1.75
"Organic Frozen Sweet Potatoes, 10 oz",$2.55
"Family Size Original Flavor Bugles, 14.5 oz",$4.12
"Cookies 'N Cream Protein Bar, 4 count",$3.85
"Gluten Free Spinach Bites, 12 oz",$4.09
"Original Thin Supreme, 15.8 oz",$3.29
"Tomato Basil Pasta Sauce, 24 oz",$4.29
"Family Size Baked Cheese Crackers, 21 oz",$4.19
"Restaurant Style Mediterranean Salad Dressing, 16 fl oz",$2.15
"Chocolate Chip Chewy Dipped Granola Bars, 6 count",$1.89
"Original Thin Meat Lover's, 14.4 oz",$3.29
"Mini Mint Dental Sticks, 21 count",$2.99
"Chocolate Lava Cakes, 2 pack, 3.12 oz",$3.29
"Dilly Bites - 6 Pack, 3.25 oz",$6.59
"Sweet and Salty Nut Chocolatey Pretzel and Almond Granola Bars, 6 count",$2.39
"Pork Egg Rolls, 13.5 oz",$3.85
"Prosciutto, Provolone Cheese and Breadsticks, 3 oz",$2.75
"Organic Chicken Breasts, per lb",$5.79
"Rosemary Infused Extra Virgin Olive Oil, 8.45 fl oz",$5.49
"Premium Thin Cut Boneless Center Cut Pork Chops, per lb",$5.32
"Premium Pork Boneless Country Style Ribs, per lb",$6.70
Teriyaki Marinated Pork Tenderloin,$4.74
"Shallot & Chive Gournay Cheese, 5.2 oz",$5.75
"Peppercorn Marinated Pork Tenderloin, per lb",$4.74
"Turkey Franks, 16 oz",$2.19
"Key Lime Sparkling Flavored Water - 12 pack, 12 fl oz cans",$6.59
"Turkey with Cranberries & Pomegranates Super Jerky Dog Treat, 5 oz",$5.49
"Gluten Free Baked Potato Soup, 10 oz",$3.55
"Spanish Rice & Sauce, 5.6 oz",$1.09
"Limon Cello Sparkling Flavored Water - 12 pack, 12 fl oz cans",$6.59
"Snak Sak Mini Oreo Chocolate Sandwich Cookies, 8 oz",$2.69
"Caramel Lava Cakes - 2 pack, 3.12 oz",$3.29
"Corn Muffin Mix, 8.5 oz",$0.75
"Mixed Berry Greek Yogurt Protein Chewy Granola Bars, 5 count",$3.75
"Strawberry Kiwi Mixed Flavored Juice Pouches, 6 fl oz, 10 count",$3.85
"Garlic Herb Bread, 10 oz",$3.65
"Original Cream Cheese Bar, 8 oz",$3.29
"Deep Dish Sausage Pizza, 26 oz",$8.65
,$24.95
"Laundry Pods Spring Meadow, 42 count",$14.29
"Instant Lunch Ramen Noodle Soup Cups, Chicken Flavor, 6 count",$3.75
"Chunk Light Tuna in Water, 5 oz Can",$1.25
"Gluten Free Halloumi Style Cheese Sticks, 8 oz",$3.65
"American Cheese Singles, 24 count",$5.15
"Kiwi Strawberry Sparkling Flavored Frost Water, 17 fl oz",$0.65
"Whole Onion Rings, 16 oz",$3.29
"Premium Boneless Center Cut Pork Chops, per lb",$4.97
"Gouda Cheese Wedge, 7 oz",$3.19
"Italian Marinated Pork Tenderloin, per lb",$4.74
"Cream Cheese Stuffed Jalapenos, 11 oz",$3.55
"Boneless Skinless Chicken Thighs, per lb",$6.64
"Bananas, per lb",$0.17
"Strawberries, 1 lb",$2.85
"Organic Grass Fed 85% Lean Ground Beef, 1 lb",$6.59
"Multi-Colored Peppers, 3 count",$2.65
"Honeycrisp Apples, 2 lb",$2.29
"Blueberries, 1 pint",$3.95
"White Bread, 20 oz",$1.55
"Heavy Whipping Cream, 32 fl oz",$5.49
"Sour Cream, 16 oz",$1.99
"Flat Leaf Spinach, 8 oz",$1.99
"2% Milk, 1 gal",$2.89
"Organic Bananas, per lb",$0.77
"Caramel Chocolate Peanut Nougat Advance Snack Bars, 5 count",$5.95
"Diced Prosciutto, 4 oz",$4.39
"Roasted Garlic Risotto, 6 oz",$1.89
"Bananas, per lb",$0.17
"Strawberries, 1 lb",$2.85
"Organic Grass Fed 85% Lean Ground Beef, 1 lb",$6.59
"Multi-Colored Peppers, 3 count",$2.65
"Honeycrisp Apples, 2 lb",$2.29
"Blueberries, 1 pint",$3.95
"White Bread, 20 oz",$1.55
"Heavy Whipping Cream, 32 fl oz",$5.49
"Sour Cream, 16 oz",$1.99
"Flat Leaf Spinach, 8 oz",$1.99
"2% Milk, 1 gal",$2.89
"Organic Bananas, per lb",$0.77
"Smoked Gouda Cheese Wedge, 7 oz",$3.19
"Pepperoni Pizza Bagels, 28 oz",$6.59
"Bagel Skinny's, 13 oz",$2.99
"Kick it in the Ginger Shot, 2 fl oz",$2.09
"Stuffed Crust Chicken Bacon Ranch Pizza, 30.25 oz",$7.59
"Vanilla Ready to Drink Protein Shake, 4 count",$7.59
"Family Size Nacho Cheese Flavor Bugles, 14.5 oz",$4.12
"Organic Seedtastic Thin-Sliced Bread, 20.4 oz",$3.55
"Gluten Free Yogurt Honey Peanut Protein Energy Bars, 6 count",$5.19
"Kinder Joy Egg, 0.7 oz",$2.15
"Black Angus Beef Choice Boneless Stew Meat, per lb",$12.74
"Raisin Bran Cereal, 16.6 oz",$2.45
"Strawberry Smoothies, 6 count",$3.75
"Media Crema Table Cream, 7.6 fl oz",$2.59
"Apple Thyme Dressing, 11 oz",$3.29
"White Stilton Cheese with Cranberry, 5.3 oz",$4.19
"Make-up Removing Cleansing Towelettes, 25 count",$1.09
"Pearsecco Bubbly Dry Cider - 6 Pack, 12 fl oz can",$9.99
"Green Tea with Ginseng and Honey Iced Tea - 12 pack, 11.5 fl oz can",$5.85
"Ready to Eat Fat Free Tuna Salad Kit with Wheat Crackers, 3.5 oz",$1.55
"Nacho Cheese Tortilla Chips, 9.25 oz",$3.35
"Tropical Punch Juice, 59 fl oz",$1.75
"Rosemary Artisan Crackers, 6 oz",$3.85
"Butter Cooking Spray, 8 oz",$2.75
"Cinnamon Sweet Rolls, 8 count",$3.75
"Tilapia Fillets, per lb",$5.09
"Sesame Seed Brioche Buns, 6 count",$4.25
"Black Forest Ham with Natural Juices, 8 oz",$3.19
"Ready to Eat Tuna Salad Kit with Crackers, 3.5 oz",$1.55
"Roasted Garlic Homestyle Instant Mashed Potatoes, 4 oz",$1.09
"Vintage English Cheddar Cheese, 7 oz",$4.95
"Angus Cheeseburger Pita Melt, 13.5 oz",$5.49
"Family Size Baked White Cheddar Cheese Crackers, 21 oz",$4.19
"Hawaiian Style Chicken, 16 oz",$7.15
Organic Whole Chicken,$14.51
"Verde Salsa, 16 oz",$4.19
"White Cheddar Cheese Curds, 12 oz",$4.39
"Goat Cheddar, 6.35 oz",$4.95
"Hard Seltzer Lemonade Variety - 12 pack, 12 fl oz",$14.45
"Honey I'd Rather Bee at the Sea Sea Salt Honey Cheddar Cheese, 4 oz",$3.85
"Pinot Noir Red Wine, 750 ml",$8.89
"Semi Sweet Morsels, 12 oz",$5.15
"Atomic Spicy Pickles, 32 fl oz",$3.85
"Chicken Pot Stickers, 16 oz",$4.09
"Cedar Plank Salmon, per lb",$10.29
"Crescent Rolls, 8 count",$3.29
"Low Sugar Plain Greek Yogurt, 32 oz",$5.49
"Diet Coke, 20 fl oz",$2.65
"Condensed Cream of Chicken Soup, 10.5 oz",$1.39
"Gluten Free Shortening Sticks, 3 count",$7.35
"Healthy Chunky Chicken Noodle Soup, 18.6 oz",$1.69
"Lamb Loin Chops, per lb",$9.99
"Italian Breadsticks Mixed Seeds, 4.4 oz",$2.19
"Italian Breadsticks Sea Salt & Olive Oil, 4.4 oz",$2.19
"Pumpkin Spice Sliced Brioche, 14.11 oz",$4.49
"Organic Cherub Grape Tomatoes, 10 oz",$3.29
"Fudge Mint Striped Shortbread Cookies, 11.5 oz",$1.89
"Halloween Pumpkin Shaped Cheese Pizza, 13.96 oz",$4.99
"Halloween Ghost Shaped Cheese Pizza, 13.96 oz",$4.99
"Family Size Count Chocula Cereal, 18.8 oz",$4.93
"Pilsner Beer - 4 pack, 16.9 fl oz Can",$6.65
"Goldbears Gummi Candy, 5 oz",$1.35
"Pumpkin Cream Chess Cake Bites, 12 count",$4.95
"Garden Salsa Whole Grain Chips, 7 oz",$4.39
"Harvest Cheddar Whole Grain Chips, 7 oz",$4.39
"Organic Zucchini, per lb",$2.74
"Cantaloupe Chunks, 16 oz",$4.39
"Zucchini, per lb",$2.18
"Chef Salad Bowl, 7.75 oz",$3.19
"Delightfully Pure Sweet Cream Coffee Creamer, 32 fl oz",$4.29
"Delightfully Pure Vanilla Coffee Creamer, 32 fl oz",$4.29
"Delightfully Pure Hazelnut Coffee Creamer, 32 fl oz",$4.29
"Non Dairy Caramel Almondmilk Creamer, 32 fl oz",$3.85
"Berry Cherry Glacier Flavored Energy Drink - 18 pack, 12 fl oz bottle",$11.98
"Clean Scentsations In-Wash Scent Booster Purifying Waters, 24 oz",$5.39
"In-Wash Scent Booster Odor Blasters, 24 oz",$5.39
"Grape Strawberry Flavored Energy Drink - 18 pack, 12 fl oz bottle",$11.98
"Confetti Brownies with Chocolate Chips Candies, 6 count",$2.09
"Garlic Mini Naan, 12.7 oz",$5.25
"Stuffed Atlantic Salmon, 16 oz",$10.99
"White Chocoalte Mini Chocolate Bars - 5 count, 1.4 oz",$3.29
"Mini Sweet Peppers, Package",$3.19
"Bathroom Cleaner with Bleach, 32 fl oz",$2.55
"Passion Fruit Hydration with Electrolyte Drink Mix, 6 count",$3.19
Sweet and Hot Mustard,$1.65
"Stone Ground Mustard, 12 oz",$1.65
"Chicken Wonton Soup with Vegetables, 10.75 oz",$2.99
"Pork Wonton Soup with Vegetables, 10.75 oz",$2.99
20 Volt Cordless Blower,$49.99
"Organic Frozen Strawberries, 24 oz",$6.59
"Non Dairy Pumpkin Spice Creamer, 32 fl oz",$3.05
"Rosé Wine, 750 ml",$8.89
"Organic String Cheese, 8 oz",$4.09
"Nonfat Strawberry Greek Yogurt, 32 oz",$3.55
Nonfat Raspberry on the Bottom Greek Yogurt - 4 count,$2.99
100 Calorie Blueberry Greek Yogurt - 4 count,$2.99
"Low Sugar Vanilla Greek Yogurt, 4 count",$4.09
"Low Sugar Strawberry Greek Yogurt, 4 count",$4.09
"Potato Puffs/Crispy Tots, 32 oz",$3.19
Nonfat Black Cherry on the Bottom Greek Yogurt - 4 count,$2.99
100 Calorie Strawberry Greek Yogurt - 4 count,$2.99
"Country Style Breakfast Chicken Sausage, 8 oz",$3.65
"Original Scent Liquid Laundry Detergent, 154 fl oz",$17.55
"White Zinfandel, 1.5 L",$9.99
"Party Pack Tomatoes, 1.5 lb",$5.49
"Dark Chocolate Sea Salt Caramels, 13.8 oz",$4.39
"French Onion Havarti Cheese, 6 oz",$3.85
"Acacia Honey with Honeycomb, 12 oz",$7.39
"Canned Coconut Water with Pulp, 17.6 fl oz",$1.09
"Gluten Free Sea Salt Brown Rice Crisps, 7 oz",$3.15
"Canned Coconut Water No Pulp, 17.6 fl oz",$1.09
"Coke Zero, 20 fl oz",$2.65
"Grass Fed New York Strip Steaks, per lb",$21.82
"California Roll, 15 counts",$5.29
"Shrimp & Avocado Sushi Roll, 15 count",$5.29
"Perfect Pairing Red and Green Grapes, 3 lb",$8.79
"Sliced Italian Loaf, 24 oz",$4.19
"Salami Charcuterie Trio, 12 oz",$10.89
"Swedish Style Meatballs, 26 oz",$4.99
"3 Pack LED Floating Witch Hats, Black",$6.99
"Collapsible Box Bag, each",$5.49
"Organic Creamy Tomato Soup, 32 oz",$4.55
"Organic Roasted Red Pepper and Tomato Soup, 32 fl oz",$4.55
"Hard Iced Tea Variety Pack - 12 pack, 12 fl oz cans",$12.25
"Fruity Pebbles Cereal, 15 oz",$4.49
"Cocoa Pebbles, 15 oz",$4.49
"Split Lamb Breast, per lb",$15.16
"Chocolate Chunk Pizza Cookie, 9 oz",$4.39
"Pepperoni Rising Crust Pizza, 30.20 oz",$4.75
"Cheese Rising Crust Pizza, 29.75 oz",$4.75
"Vodka Pasta Sauce, 24 oz",$4.29
"Tangerine Sparkling Flavored Water- 12 pack, 12 fl oz cans",$6.59
"Peppermint Gum Cube, 3.24 oz",$3.29
"Artic Grape Cube Gum, 3.24 oz",$3.29
"Antipasti, 7 oz",$3.09
"Dill Pickle Chips, 32 fl oz",$3.85
"Traditional Pizza Sauce, 14 oz",$1.29
"Peanut Sharing Chocolate, 10.05 oz",$5.45
"Extra Virgin Olive Oil, 16.9 fl oz",$6.39
"Original Beef Chomplings Mini Sticks, 6 count",$7.69
"Nutella B-Ready Crispy Baked Wafers, 6 count",$3.99
"Summer Time German - Style Kolsch Beer - 12 pack, 12 fl oz Can",$18.65
"Instant Jasmine Rice, 12 oz",$2.05
"French Toast Bagels, 20 oz",$2.19
"Hard Lemonade Variety Pack Beverages - 12 pack, 12 fl oz can",$15.55
"Milk Chocolate S'more Clusters, 6 oz",$3.65
"Dark Chocolate Caramel Pretzel, 6 oz",$3.65
"Crustless Sandwich, 8.8 oz",$3.29
"Pinot Grigio Alto Adige White Wine, 750 ml",$9.95
"Mid Cotes de Provence Rose Wine, 750 ml",$11.09
"Honey Crisp Cider, 64 fl oz",$3.45
"16"" Cheese Deli Pizza, 39.1 oz",$6.59
"Marlborough Sauvignon Blanc White Wine, 750 ml",$9.95
"Uco Valley Argentina Malbec Red Wine, 750 ml",$8.89
"Fried Apples with Cinnamon, 14.5 oz",$2.19
Garlic Parmesan Butter,$2.75
"Japanese BBQ Sauce, 17 oz",$8.59
"Thyme Leaves, 0.75 oz",$2.15
"Ground Sage, 1.25 oz",$2.15
"Holiday Seltzer Variety Pack, 12 fl oz cans, 12 pack",$14.45
"Pumpkin Pie Spice, 2 oz",$2.19
"Ground Allspice, 2 oz",$2.19
"Rosemary Leaves, 0.8 oz",$2.15
Lean Ground Turkey,$5.49
"Ground Cloves, 2 oz",$2.19
"Poultry Seasoning, 1.5 oz",$2.15
"Chomps Original Beef Sticks, 1.15 oz",$2.65
"Snow Crab Legs, 24 oz",$23.09
"Great Lakes Honey, 16 oz",$7.15
"Chomps Jalapeno Beef Sticks, 1.15 oz",$2.65
"Variety Pack Italian Gelato Flights - 3 Count, 4.4 fl oz cup",$4.29
"Kiwi Strawberry Juice Pouches, 60 fl oz",$3.45
"Fruit Punch Juice Pouches - 10 Pack, 6 fl oz pouch",$3.45
"Wild Cherry Juice Pouches - 10 pack, 6 fl oz pouch",$3.45
"Rosemary Seasoned Pork Loin Roast, per lb",$7.48
"Garlic and Pepper Seasoned Pork Loin Roast, per lb",$7.48
"Stuffed Atlantic Salmon Portions, 16 oz",$10.99
"Peach hard Seltzer - 6 pack, 12 fl oz Can",$7.79
"Hard Cider Brunch Variety Pack - 12 pack, 12 fl oz can",$17.75
"Pumpkin Danish, 14 oz",$3.49
"Sirloin Steak Tips With Chimichurri Sauce, 16 oz",$9.89
"Cinnamon Danish, 14 oz",$3.49
"Bronze Cut Spaghetti, 16 oz",$2.15
"Roasted Vegetables Flatbread, 10.51 oz",$4.39
"Garlic Provola Flatbread, 10 oz",$4.39
"Frozen Thin Crust Pepperoni Pizza, 14.3 oz",$3.29
"Herb Cornichons, 12.5 fl oz",$3.29
"Plain Kefir Unsweetened Low Fat Milk , 32 fl oz bottle",$3.29
"Bananas, per lb",$0.17
"Strawberries, 1 lb",$2.85
"Organic Grass Fed 85% Lean Ground Beef, 1 lb",$6.59
"Multi-Colored Peppers, 3 count",$2.65
"Honeycrisp Apples, 2 lb",$2.29
"Blueberries, 1 pint",$3.95
"White Bread, 20 oz",$1.55
"Heavy Whipping Cream, 32 fl oz",$5.49
"Sour Cream, 16 oz",$1.99
"Flat Leaf Spinach, 8 oz",$1.99
"2% Milk, 1 gal",$2.89
"Organic Bananas, per lb",$0.77
"Fruit Punch Grape Orange Flavored Energy Drink - 18 pack, 12 fl oz bottle",$11.98
"Organic Original Seeded Crackers, 5.5 oz",$4.29
"Spicy Pepper Spreadable Cheese Wedges, 6 oz",$2.75
"Milk Chocolate Sea Salt Cashews, 9 oz",$6.59
"Dark Chocolate Cashews, 9 oz",$6.59
"Lemon Lime Poppi Prebiotic Soda - 4 pack, 12 fl oz can",$8.59
"Strawberry Lemon Poppi Prebiotic Soda - 4 pack, 12 fl oz can",$8.59
"Roasted Garlic & Herb Egg White Wraps, 6 count",$5.49
"No Added Sugar 100% Pineapple Juice - 6 pack, 6 fl oz can",$3.65
"Original Butterkase Cheese, 6 oz",$3.85
"3 Chile Gouda Cheese, 6 oz",$3.85
"French Onion Havarti Cheese, 6 oz",$3.85
"Sea Salt Pita Chips, 7.33 oz",$2.45
"Parmesan Garlic & Herb Pita Chips, 7.33 oz",$2.45
"Assorted Flavor Fruit Snacks, 50 count",$9.89
"Sparkling Apple Cider, 25.4 fl oz",$3.55
"Grated Parmesan Cheese, 7 oz",$4.05
"Shredded Tuscan Cheese, 7 oz",$4.05
"Soft & Fruity Peach Flavor Candies, 8 oz",$2.15
"Sweet & Sour Twin Snakes Candies, 8 oz",$2.15
"Starmix Gummy Candies, 8 oz",$2.15
"Sour Streamers Gummy Candies, 7.2 oz",$2.15
"Sriracha Cheddar Cheese, 5 oz",$4.39
Insulated Grocery Bag,$1.05
"Pumpkin Spice Greek Yogurt, 5.3 oz",$1.35
"Apple Cinnamon Greek Yogurt, 5.3 oz",$1.35
"Mint Chocolate Chip Flavored Trail Mix, 10 oz",$4.99
"Cherry Garcia Ice Cream, 16 fl oz",$4.95
"6' One Outlet Tapper Fabric Power Extension Cord, White",$8.99
"6' One Outlet Tapper Fabric Power Extension Cord, Black",$8.99
"3 Outlets & 2 USB Port Fabric Power Extension Cord, Black",$8.99
"3 Outlets & 2 USB Port Fabric Power Extension Cord, White",$8.99
"3 Pack Mini Fabric Power Outlets, White",$8.99
"Fabric Power Extension Cord, White",$8.99
"Fabric Power Extension Cord, Black",$8.99
"3 Pack Mini Fabric Power Outlets, Black",$8.99
"Raspberry Blackberry Sparkling Water, 33.8 fl oz",$0.85
"White Grape Flavor Sparkling Water, 33.8 fl oz",$0.85
"Mandarin Orange Sparkling Water, 33.8 fl oz bottle",$0.85
"Cherry Limeade Flavored Sparkling Water, 33.8 fl oz",$0.85
"Premium Dark Chocolate Chunk, 10 oz",$5.49
"Semi Sweet Chocolate Chunks, 10 oz",$5.49
"Salted Caramel Cannoli Dip, 10 oz",$3.29
"Caprese Piadina, 4.6 oz",$2.79
"Roasted Vegetable Piadina, 4.6 oz",$2.79
"Glazed Crunchy Sweetened Pecans, 5 oz",$4.39
"3 Bean Chili Soup Mix, 8.8 oz",$3.59
"Rich & Creamy Potato Soup Mix, 11 oz",$3.59
"Cheddar Broccoli Soup Mix, 11.2 oz",$3.59
"Chicken Noodle Soup Mix, 8.4 oz",$3.59
"Canadian Bacon, 6 oz",$3.09
"Pretzel Bites with Cheese Dip, 9.25 oz",$4.95
"Pretzel Bites with Mustard Dip, 9.25 oz",$4.95
"Chicken Pot Pie with Vegetables, 30 oz",$9.59
"Rainbow Gummy Clusters, 8 oz",$4.39
"Very Berry Gummy Clusters, 8 oz",$4.39
"Bronze Cut Rotini Pasta, 16 oz",$2.15
"Bronze Cut Farfalle Pasta, 14.5 oz",$2.15
"Specialty Cut Cavatappi Pasta, 16 oz",$2.15
"Caramelized Red Onion Chutney, 10.94 oz",$3.55
"Red Thunder Watermelon Flavored Energy Drink - 4 pack, 12 fl oz can",$3.65
"Confetti Cupcake Crunchy Granola, 11 oz",$3.75
"Blueberry Almond Shortbread Crunchy Granola, 11 oz",$3.75
"Single Serve Iced Tea with Lemon Drink Mix Sticks, 10 count",$2.09
"Single Serve Fruit Punch Drink Mix Sticks, 10 count",$2.09
"Juicy Burst Variety Pack Fruit Snacks, 36 count",$9.05
"Orange Fig Fruit Spread, 9 oz",$3.29
"Bananas, per lb",$0.17
"Strawberries, 1 lb",$2.85
"Organic Grass Fed 85% Lean Ground Beef, 1 lb",$6.59
"Multi-Colored Peppers, 3 count",$2.65
"Honeycrisp Apples, 2 lb",$2.29
"Blueberries, 1 pint",$3.95
"White Bread, 20 oz",$1.55
"Heavy Whipping Cream, 32 fl oz",$5.49
"Sour Cream, 16 oz",$1.99
"Flat Leaf Spinach, 8 oz",$1.99
"2% Milk, 1 gal",$2.89
"Organic Bananas, per lb",$0.77
"Bananas, per lb",$0.17
"Strawberries, 1 lb",$2.85
"Organic Grass Fed 85% Lean Ground Beef, 1 lb",$6.59
"Multi-Colored Peppers, 3 count",$2.65
"Honeycrisp Apples, 2 lb",$2.29
"Blueberries, 1 pint",$3.95
"White Bread, 20 oz",$1.55
"Heavy Whipping Cream, 32 fl oz",$5.49
"Sour Cream, 16 oz",$1.99
"Flat Leaf Spinach, 8 oz",$1.99
"2% Milk, 1 gal",$2.89
"Organic Bananas, per lb",$0.77
"Bananas, per lb",$0.17
"Strawberries, 1 lb",$2.85
"Organic Grass Fed 85% Lean Ground Beef, 1 lb",$6.59
"Multi-Colored Peppers, 3 count",$2.65
"Honeycrisp Apples, 2 lb",$2.29
"Blueberries, 1 pint",$3.95
"White Bread, 20 oz",$1.55
"Heavy Whipping Cream, 32 fl oz",$5.49
"Sour Cream, 16 oz",$1.99
"Flat Leaf Spinach, 8 oz",$1.99
"2% Milk, 1 gal",$2.89
"Organic Bananas, per lb",$0.77
"Kids Organic Whole Milk, 59 fl oz",$5.49
"S'mores Trail Mix, 20 oz",$6.39
"Single Wick Candle Mahogany Sandalwood, ea",$3.29
"Honey BBQ Flavored Trail Mix, 16 oz",$6.39
"Single Wick Candle Fresh Linen, ea",$3.29
"Single Wick Candle Watermelon Spritz, ea",$3.29
"Cran Elderberry 100% Blend Juice, 64 fl oz",$2.75
"100% Pear Juice, 64 fl oz",$2.75
"Sparkling Lemonade Frost Plus Tea, 17 fl oz",$0.95
"Raspberry Flavored Sparkling Frost Plus Tea, 17 fl oz",$0.95
"Blackberry Flavored Sparkling Frost Plus Tea, 17 fl oz",$0.95
"Peanut Butter Wafers, 12 count",$2.15
"Cotton Swabs, 500 count",$2.39
"Chocolate Peanut Butter Trail Mix, 13 oz",$5.39
"Almond, Cranberry & Cashew Trail Mix, 20 oz",$5.75
"Honey Nut Trail Mix, 19 oz",$5.75
"Dry Bone Broth, Naked",$4.95
"Dark Roast Iced Coffee, 48 fl oz",$5.49
"Thin Wheat Original Crackers, 9.1 oz",$2.99
"Ready To Bake Jalapeno Pizza Dough, 16 oz",$1.35
"Chocolate Cake Pops, 5.4 oz",$4.99
"Birthday Cake, Cake Pop, 5.4 oz",$4.99
"Cookies N Cream, 5.4 oz",$4.99
"Whole Milk Ricotta Cheese, 15 oz",$2.85
"Part Skim Ricotta Cheese, 15 oz",$2.85
"Cheese Dip & Cracker Sticks, 5 pack",$1.85
"Ahi Tuna Steaks, per lb",$6.74
"BBQ Beef Chuck Roast, per lb",$15.41
"USDA Choice Chuck Roast, Steakhouse Seasoned",$15.96
"USDA Choice Chuck Roast, Bourbon Brown Sugar Seasoned",$15.96
"Italian Five Cheese & Macaroni, 12 oz",$2.45
"Smoked Gouda Macaroni & Cheese, 12 oz",$2.45
"Honey Roasted Cashews, 8.25 oz",$4.79
"Everything Bagel Cashews, 8.25 oz",$4.79
"Mini Chewy Chocolate Chips Cookies, 12 pouches",$3.85
"Mini Chewy Chocolate Chips Cookies, 12 pouches",$3.85
Mini Alphabet Cookies,$3.85
Mini BirthdayCake Cookies,$3.85
"Unsalted Deluxe Whole Cashews, 16 oz",$7.95
"Light Salted Deluxe Whole Cashews, 16 oz",$7.95
"Orange Kiss Flavored Energy Drink, 12 fl oz",$2.65
Gnocchi,$2.09
Lemon Scented All Purpose Cleaner,$2.55
"Bathroom Cleaner Bleach, 32 fl oz",$2.55
"Blueberry Greek Yogurt, 5 count",$6.39
"Garlic Breadsticks, 6 count",$2.15
"Donut Store Blend Medium Roast Coffee Cups, 36 count",$12.49
"Extra Cheddar Goldfish Crackers, 12 oz",$4.65
"Cheddar Goldfish Crackers, 12 oz",$4.65
"Zero Sugar White Peach Flavored Electrolyte Drink Mix Sticks, 6 count",$3.29
"Zero Sugar Raspberry Melon Flavored Electrolyte Drink Mix Sticks, 6 count",$3.29
"Gluten Free Nacho Cheese Tortilla Chips, 9.25 oz",$1.75
"Zero Sugar Grape Flavored Electrolyte Drink Mix Sticks, 6 count",$3.29
Hot Honey BBQ Sauce,$3.09
Gold BBQ Sauce,$3.09
"Mild BBQ Sauce, 15.5 oz",$3.09
"Cherry Cola Sparkling Energy Drink, 12 fl oz",$2.19
"G Zero Glacier Freeze Zero Sugar Sports Drink, 20 fl oz",$2.55
"Cool Blue Thirst Quencher, 20 fl oz bottle",$2.55
"Thirst Quencher Fruit Punch, 20 fl oz bottle",$2.55
"Half & Half Tea with Lemonade Ice Tea, 64 fl oz",$2.15
"Cinnamon Sticks, 1 oz",$3.29
"Spinach Artichoke Dip, 10 oz",$3.29
"Jalapeno Artichoke Dip, 10 oz",$3.29
"Italian Choco Wafers, 6 count",$3.75
"Sour Cream and Onion Potato Chips, 9.5 oz",$1.75
"Bananas, per lb",$0.17
"Strawberries, 1 lb",$2.85
"Organic Grass Fed 85% Lean Ground Beef, 1 lb",$6.59
"Multi-Colored Peppers, 3 count",$2.65
"Honeycrisp Apples, 2 lb",$2.29
"Blueberries, 1 pint",$3.95
"White Bread, 20 oz",$1.55
"Heavy Whipping Cream, 32 fl oz",$5.49
"Sour Cream, 16 oz",$1.99
"Flat Leaf Spinach, 8 oz",$1.99
"2% Milk, 1 gal",$2.89
"Organic Bananas, per lb",$0.77
"Green Tea Bags, 20 count",$1.75
"Pomegranate Flavor Green Tea Bags, 20 count",$1.75
"Lemon & Ginseng Flavor Green Tea Bags, 20 count",$1.75
"Decaf Black Tea Bags, 20 count",$1.45
"Chai Black Tea Bags, 20 count",$1.45
"Decaf Black Tea Bags, 20 count",$1.45
"Family Size Froot Loops Cereal, 16.6 oz",$4.95
"Mandarin Orange Soda - 4 pack, 12 fl oz",$3.29
"Pineapple Flavored Soda - 4 pack, 12 fl oz bottle",$3.29
"Multi Texture Sponge, each",$2.19
"Parmesan Garlic Wing Sauce, 12 oz",$2.09
"Medium Buffalo Wing Sauce, 12 fl oz",$2.09
"Original Mini Brioche Toast Cracker, 2.82 oz",$1.65
"Mini Onion Brioche Toast Crackers, 2.82 oz",$1.65
"Kimchi & Tofu Kimbap, 8 count",$3.85
"Traditional Frozen Kimbap, 8.1 oz",$3.85
"Organic Jasmine Rice, 8.8 oz",$2.55
"Edamame in Pod, 16 oz",$2.55
"Caramel Stroopwafels Cookies, 10.94 oz",$3.49
"Strawberry Toaster Tarts, 12 count",$2.15
"Apple Cinnamon Applesauce Squeezies - 12 pack, 3.2 oz",$7.15
Gouda Cheese Block,$1.99
Thick Shredded Triple Cheddar Cheese,$2.65
Thick Shredded Mozzarella Cheese,$2.65
Orange Pineapple 6pk,$3.65
"Variety Pack Snack Stacks, 18 cups",$9.99
"Extra Crispy Waffle Fries, 22 oz",$2.79
"Italian Still Mineral Water, 25.4 fl oz bottle",$1.55
"Pepperoni Party Pizza, 4 Pack",$7.59
"Sour Cream & Onion Flavored Toasted Chips, 10 count",$5.89
"Orange Flavored Electrolyte Drink, 20 fl oz",$1.45
"Strawberry Kiwi Flavored Electrolyte Drink, 20 fl oz",$1.45
"Cherry Lime Flavored Electrolyte Drink, 20 fl oz",$1.45
"Fresh Organic Whole Chicken, per lb",$14.51
"Original Laundry Stain Remover, 22 fl oz",$3.75
Dye Fragrance Free Laundry Stain Remover,$3.75
"Zero Sugar Beef Sausage Snack Bites, 5 oz",$4.39
"Pepperoni & Cheese Pizza with Bar & Drink, 16.6 oz",$4.95
"Fiesta Nachos Lunch Pack, 16.8 oz",$4.95
Pizza Sourdough Pita Cracker,$2.75
Sea Salt Sourdough Pita Cracker,$2.75
Tequila Ghost Pepper Cocktail Salami,$4.39
Vodka Olive Cocktail Salami,$4.39
Honey Bourbon Cocktail Salami,$4.39
"Birthday Cake Pretzels, 8 oz",$3.29
"Toss & Serve Shrimp with Salted Butter & Garlic Sauce, 12 oz",$7.69
"Toss & Serve Shrimp with Citrus Herb Sauce, 12 oz",$7.69
"Toss & Serve Shrimp with Chipotle Sea Salt Sauce, 12 oz",$7.69
Pepperoni 4 pack,$5.39
Kiwi Guava Waves,$1.45
Orange Waves,$1.45
Watermelon Waves,$1.45
"Fajita Chicken Strips, 16 oz",$5.89
"Rotisserie Chicken Strips, 16 oz",$5.89
"Classic Chicken Broth, 32 oz",$2.09
"Uncured Turkey Bacon, 10 oz",$3.85
"Mini Waffle Dark Chocolate Cones, 4.23 oz",$4.19
Chicken Pot Pie,$2.19
Original Seasoned Pretzel,$4.09
Honey Mustard Pretzel,$4.09
"G Zero Glacier Freeze Zero Sugar Sports Drink, 20 fl oz",$2.55
"Cool Blue Thirst Quencher, 20 fl oz bottle",$2.55
"Thirst Quencher Fruit Punch, 20 fl oz bottle",$2.55
"Lemon Lime Thirst Quencher, 20 fl oz bottle",$2.55
"Curly Fries, 22 oz",$4.99
"Spaghetti with Meatballs Meal Kit, 37 oz",$10.99
"Fettuccine Alfredo with Chicken Meal Kit, 39 oz",$10.99
"Fat Free Plain Greek Yogurt, 32 oz",$5.39
"Fat Free Vanilla Flavor Greek Yogurt, 32 oz",$5.39
"Triple Chamber Dish Pacs, 18 count",$4.19
"Doc Pop Probiotic Soda, 12 fl oz",$2.19
"Orange Cream Prebiotic Soda, 12 fl oz",$2.19
"Cherry Cola Probiotic Soda, 12 fl oz",$2.19
"Wild Berry Prebiotic Soda, 12 fl oz",$2.19
"Spicy Chicken Patties, 23.8 oz",$5.85
"Hot Chili Lime Ridged Potato Chips, 9.5 oz",$1.09
"Gluten Free Cheese Queso Flavored Potato Chips, 9.5 oz",$1.09
"Peppermint Herbal Tea Bags, 20 count",$1.45
"Green Tea Bags, 20 count",$1.75
"Pomegranate Flavor Green Tea Bags, 20 count",$1.75
"Lemon & Ginseng Flavor Green Tea Bags, 20 count",$1.75
"Decaf Black Tea Bags, 20 count",$1.45
"Chai Black Tea Bags, 20 count",$1.45
"Decaf Black Tea Bags, 20 count",$1.45
"Family Size Froot Loops Cereal, 16.6 oz",$4.95
2 Pack Utility Foil Pan with Lid,$3.49
"Mandarin Orange Soda - 4 pack, 12 fl oz",$3.29
"Pineapple Flavored Soda - 4 pack, 12 fl oz bottle",$3.29
"Multi Texture Sponge, each",$2.19
"Parmesan Garlic Wing Sauce, 12 oz",$2.09
"Medium Buffalo Wing Sauce, 12 fl oz",$2.09
"Draught Stout Beer - 6 pack, 12 fl oz",$8.89
"Original Mini Brioche Toast Cracker, 2.82 oz",$1.65
"Mini Onion Brioche Toast Crackers, 2.82 oz",$1.65
"Uncured Turkey Bacon, 10 oz",$3.85
"Blueberry Fruit & Grain Bars, 8 count",$2.19
Honey Pecan Cream Cheese,$1.95
"Kid's Stainless Steel Water Bottle, Blue",$6.99
"Kid's Stainless Steel Water Bottle, Pink",$6.99
"Halloween Variety Pack Candies, 65 count",$14.96
"Pumpkin Caramel Kringle, 14 oz",$6.99
"Assorted Flavor Pops, 68 count",$9.94
"Variety Pack Gummy Clusters, 28 count",$9.94
"Halloween Variety Pack Candy Bars, 100 count",$14.96
10 Tier Shoe Rack,$16.99
Halloween Triple Pour Wax Melts - Jack-O'-Lantern,$1.49
Halloween Triple Pour Wax Melts - Witches Brew,$1.49
Halloween Triple Pour Wax Melts - Haunted House,$1.49
Halloween Triple Pour Wax Melts - Happy Halloween,$1.49
"3 Wick Scented Candle Haunted Pumpkin Patch, 14 oz",$4.49
"3 Wick Scented Candle Vampire's Veil, 14 oz",$4.49
"3 Wick Scented Candle Witching Hour, 14 oz",$4.49
"Chicken Stuffed Nachos, 14 oz",$3.99
Halloween Neon Sign - Ghost,$9.99
Halloween Neon Sign - Boo,$9.99
"Halloween Icon Candle - Forbidden Fruits, 7.1 oz",$7.99
"Outdoor Personal Alarm, Pink",$8.99
Outdoor Air Horn,$8.99
"Outdoor Personal Alarm, Black",$8.99
Halloween LED String Light - Mixed Acrylic,$4.99
Halloween LED String Light - Ghost,$4.99
Halloween LED String Light - Pumpkin,$4.99
Halloween LED String Light - Spider,$4.99
Memory Foam Knee Cushion Pillow,$9.99
Memory Foam Any Position Cushion Pillow,$9.99
Halloween Earring - Orange Ghost Bow,$4.99
"Bananas, per lb",$0.17
"Strawberries, 1 lb",$2.85
"Organic Grass Fed 85% Lean Ground Beef, 1 lb",$6.59
"Multi-Colored Peppers, 3 count",$2.65
"Honeycrisp Apples, 2 lb",$2.29
"Blueberries, 1 pint",$3.95
"White Bread, 20 oz",$1.55
"Heavy Whipping Cream, 32 fl oz",$5.49
"Sour Cream, 16 oz",$1.99
"Flat Leaf Spinach, 8 oz",$1.99
"2% Milk, 1 gal",$2.89
"Organic Bananas, per lb",$0.77
"Bananas, per lb",$0.17
"Strawberries, 1 lb",$2.85
"Organic Grass Fed 85% Lean Ground Beef, 1 lb",$6.59
"Multi-Colored Peppers, 3 count",$2.65
"Honeycrisp Apples, 2 lb",$2.29
"Blueberries, 1 pint",$3.95
"White Bread, 20 oz",$1.55
"Heavy Whipping Cream, 32 fl oz",$5.49
"Sour Cream, 16 oz",$1.99
"Flat Leaf Spinach, 8 oz",$1.99
"2% Milk, 1 gal",$2.89
"Organic Bananas, per lb",$0.77
"Ladies Long Layer Cardigan - Multi Color, L",$16.99
"Ladies Long Layer Cardigan - Multi Color, XL",$16.99
"Ladies Long Layer Cardigan - Multi Color, M",$16.99
Sweet and Savory Nut Trio,$10.99
Sweet and Spiced Nut Trio,$10.99
"Bananas, per lb",$0.17
"Strawberries, 1 lb",$2.85
"Organic Grass Fed 85% Lean Ground Beef, 1 lb",$6.59
"Multi-Colored Peppers, 3 count",$2.65
"Honeycrisp Apples, 2 lb",$2.29
"Blueberries, 1 pint",$3.95
"White Bread, 20 oz",$1.55
"Heavy Whipping Cream, 32 fl oz",$5.49
"Sour Cream, 16 oz",$1.99
"Flat Leaf Spinach, 8 oz",$1.99
"2% Milk, 1 gal",$2.89
"Organic Bananas, per lb",$0.77
"Bananas, per lb",$0.17
"Strawberries, 1 lb",$2.85
"Organic Grass Fed 85% Lean Ground Beef, 1 lb",$6.59
"Multi-Colored Peppers, 3 count",$2.65
"Honeycrisp Apples, 2 lb",$2.29
"Blueberries, 1 pint",$3.95
"White Bread, 20 oz",$1.55
"Heavy Whipping Cream, 32 fl oz",$5.49
"Sour Cream, 16 oz",$1.99
"Flat Leaf Spinach, 8 oz",$1.99
"2% Milk, 1 gal",$2.89
"Organic Bananas, per lb",$0.77
"Bananas, per lb",$0.17
"Strawberries, 1 lb",$2.85
"Organic Grass Fed 85% Lean Ground Beef, 1 lb",$6.59
"Multi-Colored Peppers, 3 count",$2.65
"Honeycrisp Apples, 2 lb",$2.29
"Blueberries, 1 pint",$3.95
"White Bread, 20 oz",$1.55
"Heavy Whipping Cream, 32 fl oz",$5.49
"Sour Cream, 16 oz",$1.99
"Flat Leaf Spinach, 8 oz",$1.99
"2% Milk, 1 gal",$2.89
"Organic Bananas, per lb",$0.77
"Bananas, per lb",$0.17
"Strawberries, 1 lb",$2.85
"Organic Grass Fed 85% Lean Ground Beef, 1 lb",$6.59
"Multi-Colored Peppers, 3 count",$2.65
"Honeycrisp Apples, 2 lb",$2.29
"Blueberries, 1 pint",$3.95
"White Bread, 20 oz",$1.55
"Heavy Whipping Cream, 32 fl oz",$5.49
"Sour Cream, 16 oz",$1.99
"Flat Leaf Spinach, 8 oz",$1.99
"2% Milk, 1 gal",$2.89
"Organic Bananas, per lb",$0.77
"Bananas, per lb",$0.17
"Strawberries, 1 lb",$2.85
"Organic Grass Fed 85% Lean Ground Beef, 1 lb",$6.59
"Multi-Colored Peppers, 3 count",$2.65
"Honeycrisp Apples, 2 lb",$2.29
"Blueberries, 1 pint",$3.95
"White Bread, 20 oz",$1.55
"Heavy Whipping Cream, 32 fl oz",$5.49
"Sour Cream, 16 oz",$1.99
"Flat Leaf Spinach, 8 oz",$1.99
"2% Milk, 1 gal",$2.89
"Organic Bananas, per lb",$0.77
"Bananas, per lb",$0.17
"Strawberries, 1 lb",$2.85
"Organic Grass Fed 85% Lean Ground Beef, 1 lb",$6.59
"Multi-Colored Peppers, 3 count",$2.65
"Honeycrisp Apples, 2 lb",$2.29
"Blueberries, 1 pint",$3.95
"White Bread, 20 oz",$1.55
"Heavy Whipping Cream, 32 fl oz",$5.49
"Sour Cream, 16 oz",$1.99
"Flat Leaf Spinach, 8 oz",$1.99
"2% Milk, 1 gal",$2.89
"Organic Bananas, per lb",$0.77
"Bananas, per lb",$0.17
"Strawberries, 1 lb",$2.85
"Organic Grass Fed 85% Lean Ground Beef, 1 lb",$6.59
"Multi-Colored Peppers, 3 count",$2.65
"Honeycrisp Apples, 2 lb",$2.29
"Blueberries, 1 pint",$3.95
"White Bread, 20 oz",$1.55
"Heavy Whipping Cream, 32 fl oz",$5.49
"Sour Cream, 16 oz",$1.99
"Flat Leaf Spinach, 8 oz",$1.99
"2% Milk, 1 gal",$2.89
"Organic Bananas, per lb",$0.77
"Bananas, per lb",$0.17
"Strawberries, 1 lb",$2.85
"Organic Grass Fed 85% Lean Ground Beef, 1 lb",$6.59
"Multi-Colored Peppers, 3 count",$2.65
"Honeycrisp Apples, 2 lb",$2.29
"Blueberries, 1 pint",$3.95
"White Bread, 20 oz",$1.55
"Heavy Whipping Cream, 32 fl oz",$5.49
"Sour Cream, 16 oz",$1.99
"Flat Leaf Spinach, 8 oz",$1.99
"2% Milk, 1 gal",$2.89
"Organic Bananas, per lb",$0.77
"Bananas, per lb",$0.17
"Strawberries, 1 lb",$2.85
"Organic Grass Fed 85% Lean Ground Beef, 1 lb",$6.59
"Multi-Colored Peppers, 3 count",$2.65
"Honeycrisp Apples, 2 lb",$2.29
"Blueberries, 1 pint",$3.95
"White Bread, 20 oz",$1.55
"Heavy Whipping Cream, 32 fl oz",$5.49
"Sour Cream, 16 oz",$1.99
"Flat Leaf Spinach, 8 oz",$1.99
"2% Milk, 1 gal",$2.89
"Organic Bananas, per lb",$0.77
"Bananas, per lb",$0.17
"Strawberries, 1 lb",$2.85
"Organic Grass Fed 85% Lean Ground Beef, 1 lb",$6.59
"Multi-Colored Peppers, 3 count",$2.65
"Honeycrisp Apples, 2 lb",$2.29
"Blueberries, 1 pint",$3.95
"White Bread, 20 oz",$1.55
"Heavy Whipping Cream, 32 fl oz",$5.49
"Sour Cream, 16 oz",$1.99
"Flat Leaf Spinach, 8 oz",$1.99
"2% Milk, 1 gal",$2.89
"Organic Bananas, per lb",$0.77
